,song_name,movie_album,singers
4,Naa Chupe Ninu,Nuvvu Naaku Nachchav," Koti,  K. S. Chithra,  Shreeram Lagoo,  Prabhu"
7,Mallieswarivey,Yuvasena, Jassie Gift
9,Yeluko Nayaka,Narasimhudu," Mani Sharma,  Ganga,  Mallikarjun"
14,Samajavaragamana - Male,Ala Vaikunthapurramuloo, Sid Sriram
16,Balapam Patti,Bobbili Raja," Ilaiyaraaja,  K. S. Chithra,  S.P. Balasubrahmanyam"
21,Avunu Nijam,Athadu," KK,  Sunitha Upadrasta"
24,Botany,Shiva," S. P. Balasubrahmanyam,  S.P. Sailaja"
33,Kotha Kothaga,Coolie No. 1," S.P. Balasubrahmanyam,  K. S. Chithra"
39,Kanya Kumaari,Bobbili Raja," Ilaiyaraaja,  S. Janaki,  S.P. Balasubrahmanyam"
50,Kila Kila,Coolie No. 1," S.P. Balasubrahmanyam,  K. S. Chithra"
74,Kongupatte,Korukunna Priyudu," Koti,  K. S. Chithra,  S.P. Balasubrahmanyam"
80,Neeti Mullai (Bit),Varsham," Devi Sri Prasad,  Sagar,  Sumangali"
83,Kottaga,Swarna Kamalam," S. P. Balasubrahmanyam,  S. Janaki"
87,Ghal Ghal (Akasam Thakela),Nuvvostanante Nenoddantana, S.P. Balasubrahmanyam
93,Chalore Chalore (Telugu),Jalsa, Ranjith
101,Emaindo Emo,Prematho Raa," Harini,  S.P. Balasubrahmanyam"
104,O Manasa O Manasa,Bhadra," Devi Sri Prasad,  Ravi Varma"
105,Chema Chekka,Bobbili Raja," Ilaiyaraaja,  K. S. Chithra,  S.P. Balasubrahmanyam"
109,Ekkadiki Nee Parugu,W/o V. Vara Prasad," S.P. Balasubrahmanyam,  Sujatha Mohan,  M.M. Sreelekha"
110,You &amp; I,Jalsa, Devi Sri Prasad
121,Nuvvu Naatho Emannavo,Disco Raja, S. P. Balasubrahmanyam
126,Kkokko Komali,Narasimha Naidu," Mani Sharma,  Udit Narayan,  Sujatha Mohan"
132,Sarasalu,Shiva," Mano,  S. Janaki"
133,Chamak Cham,Kondaveeti Donga," S.P. Balasubrahmanyam,  K. S. Chithra"
134,Enadana Anukunnana,Eduruleni Manishi," S.A. Raj Kumar,  K. S. Chithra,  Hariharan"
135,Hamsaro,Cheliyaa," A.R. Rahman,  Arjun Chandy,  Haricharan,  Jonita Gandhi"
138,Gadhithalupula,Mirapakay," Thaman S,  Karthik,  Geetha Madhuri"
139,Adirey Adirey,Nuvvostanante Nenoddantana," Jassie Gift,  Kalpana"
140,Manasuna Unnadi (Female),Priyamainaneeku," Shivashankar,  K. S. Chithra"
144,Matanate,April 1st Vidudala," Ilaiyaraaja,  K. S. Chithra,  S.P. Balasubrahmanyam"
145,Chukkalu Temmana,April 1st Vidudala," Ilaiyaraaja,  K. S. Chithra,  Mano"
154,Aakasamlo,Swarna Kamalam, S. Janaki
157,Kannu Kottina,Balu ABCDEFG," Udit Narayan,  Sujatha Mohan"
165,Yeppatiki (Veyi Kannulatho),Nee Sneham," R.P. Patnaik,  Usha"
180,Koyilamma Paadutunnadi,Vamsi," Udit Narayan,  Sujatha Mohan"
184,Nallanchu Tella Cheera,Donga Mogudu," S.P. Balasubrahmanyam,  P. Susheela"
185,Jalsa Jalsa (Remix),Jalsa," Baba Sehgal,  Devi Sri Prasad"
190,Gelupuleni Samaram,Mahanati, Ramya Behara
193,Oura Ammaka Chella,Apathbhandavudu," S.P. Balasubrahmanyam,  Chitra"
194,Rave Rajahamsala,Muddula Mogudu," Koti,  S.P. Balasubrahmanyam,  Sujatha Mohan"
203,Manasa Ottu,Pilisthe Palukutha, K. S. Chithra
204,Chamak Chamak Cham (Remix),Inttelligent," S. P. B. Charan,  Harini Ivaturi"
205,Nela Raja,Surya IPS," Ilaiyaraaja,  K. S. Chithra,  S.P. Balasubrahmanyam"
207,Samajavaragamana - Female,Ala Vaikunthapurramuloo, Shreya Ghoshal
208,Om Namo Nama Yavvanama,Surya IPS," Ilaiyaraaja,  K. S. Chithra,  S.P. Balasubrahmanyam"
209,Kalaya Nijama,Coolie No. 1," P. Susheela,  Ilaiyaraaja"
211,Vidhatha Talapuna,Sirivennela," S.P. Balasubrahmanyam,  P. Susheela"
212,Ala Vaikunthapurramuloo Dj Mashup,Ala Vaikunthapurramuloo," Sid Sriram,  Anurag Kulkarni,  Mangli,  Roll Rida,  Rahul Nambiar,  Armaan Malik,  Lady Kash,  Rahul Sipligunj,  Blaaze,  Sri Krishna,  Priya Sisters"
214,Champesindhe,Power - Unlimited," S. Thaman,  Karthik"
219,My Heart (Remix),Jalsa, KK
221,Patala Pallakivai (Male),Nuvvu Vasthavani," S.A. Raj Kumar,  S.P. Balasubrahmanyam"
226,Lalitha Priya,Rudraveena," Ilaiyaraaja,  K. S. Chithra,  K.J. Yesudas"
235,Gali Chiru Gali (Bit),Vasantham," S.A. Raj Kumar,  K. S. Chithra"
241,Vampulavykhari,April 1st Vidudala," Ilaiyaraaja,  S.P. Balasubrahmanyam"
244,Sa Sa Sye,Bhadra," Devi Sri Prasad,  K. S. Chithra,  Karthik"
251,Aho! Oka Manasuku,Allari Priyudu (Original Motion Picture Soundtrack)," S.P.Balasubramanyam,  Chitra,  Seetharama Shastry"
255,Emo Ekkadundo,Premante Idera," Ramana Gogula,  K. S. Chithra,  S.P. Balasubrahmanyam"
257,Boss Memory Loss,Kick," Thaman S,  Ranjith,  Rahul Nambiar,  Ali,  Navin Madhav,  Raviteja"
260,Ivali Ivvalyna,Taraka Ramudu," Koti,  K. S. Chithra,  S.P. Balasubrahmanyam"
268,Chalaki Chilipi Vayasu,Maayalodu (Original Motion Picture Soundtrack)," Bhuvana Chandra,  S.P.Balasubramanyam,  Chitra"
269,Sinne Sinne Korikaladaga,Swayam Krishi, S. Janaki
272,Chandamama Chandamama,Seemasimham," Mani Sharma,  Hariharan,  Sujatha Mohan"
274,Kovello Depam La,Nenu Premisthunnanu," Sirpi,  S.P. Balasubrahmanyam"
280,Ammye Nannanyena,Simhadri," Kalyani Malik,  M.M. Keeravani"
283,Changure Changure,Sitha Rama Raju," M. M. Keeravani,  S.P. Balasubrahmanyam"
285,Anandama,Konchem Ishtam Konchem Kashtam," Shankar-Ehsaan-Loy,  Shankar Mahadevan,  Shreya Ghoshal"
287,Repalle Malle Murali Vinnidi,Allari Mogudu," S.P. Balasubrahmanyam,  Chitra"
288,Tummeda - O-Tummeda,Srinivasa Kalyanam," S.P. Balasubrahmanyam,  P. Susheela"
289,Chik Buk Pori,Anji," Mani Sharma,  Shankar Mahadevan,  Kalpana"
293,Taralirada,Rudraveena," Ilaiyaraaja,  S.P. Balasubrahmanyam"
294,Amma Ane Pilichi,Simharasi," S. Janaki,  S.A. Rajkumar"
302,Muddimmindi,Allari Mogudu," S.P. Balasubrahmanyam,  Chitra"
303,Kopam Vasthe,Taraka Ramudu," Koti,  K. S. Chithra,  S.P. Balasubrahmanyam"
307,Ee Yogamanukomu,Sri Anjaneyam, S. P. Balasubrahmanyam
309,Laali Laali,Indira, Harini
310,Koncham Karanga,Chakram," Chakri,  Kousalya"
311,Manasuna Unnadi (Male),Priyamainaneeku," Shivashankar,  S.P. Balasubrahmanyam"
313,Bhavyamyna,Pournamy," Devi Sri Prasad,  Jayadev,  Punya Srinivas"
317,Nee Vupuri Nee Sothama,Snehitudu, Ramakrishnan Murthy
318,Naa Paata Panchamrutham,Allari Mogudu, S.P. Balasubrahmanyam
319,Manasulone Nilichipoke,Varudu Kaavalenu, Chinmayi Sripada
320,Yemantave Oh Manasa,Ninne Ishtapaddanu," R.P. Patnaik,  K. S. Chithra,  S.P. Balasubrahmanyam"
321,Andala Prayam,Vamshoddarakudu," Koti,  K. S. Chithra,  S.P. Balasubrahmanyam"
324,Chukkallara,Apathbhandavudu, Chitra
326,Manasuna Mansuga,Love Birds," A.R. Rahman,  Hariharan,  Sujatha Mohan"
327,Aakasa Ganga (Pathos),Vaana," Kamalakar,  Karthik"
331,Meghala Pallakilona,Ela Cheppanu," Koti,  Sunitha,  Sri Ram Prabhu"
336,Hayiga Amma Ollo,Yagnam," Mani Sharma,  Gopika Poornima,  Vardhani Thaman"
337,Thirumalavasa,Bhadra," Devi Sri Prasad,  Sumangali"
338,Avayi Tuvvayi,Sri Anjaneyam," Tippu,  Shreya Ghoshal"
339,Indhumati Charumathi,Raja Simham," Raj-Koti,  K. S. Chithra,  S.P. Balasubrahmanyam"
340,Antha Siddanga,Konchem Ishtam Konchem Kashtam," Shankar-Ehsaan-Loy,  Sonu Nigam,  Shreya Ghoshal"
341,Samajavaragamana,Top Hero (Original Motion Picture Soundtrack)," Jonnuvittula,  S.P.Balasubramanyam,  Chitra"
342,Eppudo (Female),Sontham," Devi Sri Prasad,  Sumangali"
345,Sambarala,Preminchukundam Raa," S. P. Balasubramaniyam,  K. S. Chitra,  Sangeetha Sajith"
354,Em Vaano,Naari Naari Naduma Murari," S.P. Balasubrahmanyam,  P. Susheela"
355,Preminchadame,Prematho Raa, Srinivas
357,Diri Diri (Oye Oye),Josh," Kunal Ganjawala,  Sandeep Chowta"
360,Vadhuvai Raave Naa,Shubhalekhalu (Original Motion Picture Soundtrack)," V.Venkatesh,  S.P.Balasubramanyam,  Chitra"
363,Rum Pum bum,Disco Raja," Bappi Lahiri,  Ravi Teja"
369,Aakasam Sakshiga,Adavi Ramudu," Mani Sharma,  Sonu Nigam,  Mahalakshmi Iyer"
372,Dandalaya,Coolie No. 1, S.P. Balasubrahmanyam
375,Nee Maayaloduni,Maayalodu (Original Motion Picture Soundtrack)," Gaduri Vishwandha Sastry,  S.P.Balasubramanyam,  Chitra"
383,Adugo Maharaju,Suryavamsam," Mano,  Sujatha Mohan"
384,Epudepududani,Nirnayam," S.P. Balasubrahmanyam,  S. Janaki"
385,Dill Kaalaasee,Kick," Thaman S,  Anushka Manchanda"
387,Kokamma Cheppamma,Donga Mogudu," S.P. Balasubrahmanyam,  S. Janaki"
388,Nuvventha Andagathe,Malleswari, Karthik
389,Entha Naatu Premo,Number One (Original Motion Picture Soundtrack)," Seetharama Shastry,  S.P.Balasubramanyam,  Chitra"
391,Asa Asaga,Sankranthi," S.A. Raj Kumar,  S.P. Balasubrahmanyam"
392,Aa Roje Tholisari,Pilla Nuvvu Leni Jeevitham," Anoop Rubens,  Sreerama Chandra"
394,Amma Sampangi Reku,Satruvu," S. P. Balasubrahmanyam,  P. Susheela"
395,Andela Ravamidhi,Swarna Kamalam," S. P. Balasubrahmanyam,  Vani Jayaram"
396,O Prema,Sri Seetharamula Kalyanam Chothamu Rarandi," M. M. Keeravani,  S.P. Balasubrahmanyam,  Sunitha"
397,Yemo Aunemo (Humming),Nee Sneham," R.P. Patnaik,  Usha"
398,Radhe .. Radhe,Chirujallu," Vandemataram Srinivas,  K. S. Chithra,  S.P. Balasubrahmanyam,  Vishala"
401,Chi Chi CHi,Nuvvu Leka Nenu Lenu," R. P. Patnaik,  Usha,  Lenina"
402,Dhin Dhin Dhinak,Manasantha Nuvve," R.P. Patnaik,  Mahalakshmi Iyer"
404,Ventapaduthundhi,Vaana," Kamalakar,  K. S. Chithra"
405,Suvvi Suvvi Suwala,Pellikanuka," M.M. Keeravani,  S.P. Balasubrahmanyam,  Malgudi Shubha"
406,Gopilola,Ladies Tailor," S.P. Balasubrahmanyam,  S.P. Sailaja"
407,Nalo Nenu Lene,Avunu Validdharu Istapaddaru," Chakri,  Kausalya,  Sandeep"
409,Allei Allei,Cheliyaa," A.R. Rahman,  Abhay Jodhpurkar,  Chinmayi"
413,Ku Ku Ku,Ninne Ishtapaddanu," R.P. Patnaik,  K. S. Chithra,  S.P. Balasubrahmanyam"
414,Ooranta Utsavam,Chennakesava Reddy," Mani Sharma,  S.P. Balasubrahmanyam,  Sujatha Mohan"
419,Preminchava,Aaro Pranam," S.P. Balasubrahmanyam,  K. S. Chithra,  Annupamaa"
422,Just Do It,Bhadra," Devi Sri Prasad,  Tanvi Shah,  Timmy"
423,Maagha Maasavela,Ela Cheppanu," Koti,  Udit Narayan,  Shreya Ghoshal"
425,Solo Brathuke So Better (Title Song),Solo Brathuke So Better," Thaman S,  Vishal Dadlani"
426,Kalalalo Nuvve,Chirujallu," Vandemataram Srinivas,  Udit Narayan,  Kavita Krishnamurthy"
427,Aadhi Bikshuvu,Sirivennela, S.P. Balasubrahmanyam
428,Sarasakura Dora,M. Dharmaraju M.A.," Raj-Koti,  S.P. Balasubrahmanyam,  Malgadi Shubha"
429,Kolu Kolu Koyilamma,Number One (Original Motion Picture Soundtrack)," Jonnuvittula,  S.P.Balasubramanyam,  Chitra"
431,Chumantra Kaali,Maayalodu (Original Motion Picture Soundtrack)," Seetharama Shastry,  S.P.Balasubramanyam"
432,Pudunne Puttindi,Satruvu," S. Janaki,  S. P. Balasubrahmanyam"
436,Andamaina,Number One (Original Motion Picture Soundtrack)," Jonnuvittula,  S.P.Balasubramanyam,  Chitra"
439,Mogali Podalu,Chandralekha," Sandeep Chowta,  Rajesh Krishnan,  Sujatha Mohan"
444,Manchu Thakina,Ela Cheppanu," Koti,  Mallikarjun"
445,Indiramma,Mahathma, S P Balasubrahmanyam
447,Ee Chempaku Selaveeyaku,Donga Mogudu," S.P. Balasubrahmanyam,  P. Susheela"
448,Nee Pedavulatho,Srimathi Vellostha," Koti,  S.P. Balasubrahmanyam,  K. S. Chithra"
449,Toli Adugaina Padalede,Snehitudu, Aalap Raju
450,Oohalevo Rege,Antham," Mano,  Kavitha Krishnamurthy"
451,Nijamante,April 1st Vidudala," Ilaiyaraaja,  Mano"
452,Ohori Nayano,Trinethrudu," Raj-Koti,  K. S. Chithra,  Mano"
453,Chinni Padala,Preminchedi Endukamma," Ilaiyaraaja,  S.P. Balasubrahmanyam"
454,Theli Manchu,Swathi Kiranam, Vani Jayaram
456,Maattekki Thooge,Bavagaru Bagunnara," S.P. Balasubrahmanyam,  Febi"
458,Mellaga Mellaga - Female,Asha Asha Asha, K. S. Chithra
460,Ammaho,Kantri," Mani Sharma,  K. S. Chithra,  Karthik"
462,Parugulu Thiy,Maryada Ramanna, S P Balasubrahmanyam
464,Hayamma Hayamma,Ladies Tailor," S. Janaki,  S.P. Balasubrahmanyam"
465,Dholare Dhamadam,Vaana," Kamalakar,  Ranjith"
468,Maimarupaa,Cheliyaa," A.R. Rahman,  Shashaa Tirupati"
469,Nemmadi Nemmadi,Gowri," Koti,  Sunitha,  Sandep"
471,Nagaram,Adavi Ramudu," Mani Sharma,  Mallikarjun"
472,Vaye Janmalu,Priyamainaneeku," Shivashankar,  S.P. Balasubrahmanyam"
473,Ela Entha Sepu,Sasirekha Parinayam," Mani Sharma,  Rahul Nambiar"
476,Cool &amp; Lovely,Johnny, Ramana Gogula
477,Are Inka Jinka,Dharma Kshetram," Ilaiyaraaja,  S.P. Balasubrahmanyam,  S. Janaki"
478,Chinnataname,Prati Roju Pandaage, Vijay Yesudas
480,Bad Bad Boy,Josh, Ranjith
484,Inka Yedo Kaavalantu,Ninne Pelladatha," Hariharan,  Sowmya"
486,Lovely Lakumuki,Trinethrudu," Raj-Koti,  S. Janaki,  S.P. Balasubrahmanyam"
487,Veyyinokka Jillala Varaku,Surya IPS," Ilaiyaraaja,  S.P. Balasubrahmanyam"
488,Anathineeyara,Swathi Kiranam, Vani Jayaram
489,Ninnu Choodugaane,Allari Primikudu (Original Motion Picture Soundtrack)," Veturi,  S.P.Balasubramanyam,  Chitra"
491,O Kala Kannadi,Tajmahal," K. S. Chithra,  S. P. Balasubrahmanyam"
492,Goo Gumma,Pavitra Prema," Koti,  K. S. Chithra,  S.P. Balasubrahmanyam"
495,Urime Megham,Modati Cinema," Swaraj,  Sonu Nigam,  K. S. Chithra"
498,Vyshnavi Bhargavi,Swathi Kiranam, Vani Jayaram
500,Baagunnave,Rukmini," S.P. Balasubrahmanyam,  K. S. Chithra"
502,Muvvante Myna,Vaana," Kamalakar,  Mallikarjun"
503,Porapatidhi,Ladies Tailor," S. Janaki,  S.P. Balasubrahmanyam"
504,Ye Janmamo,Rakshana (Original Motion Picture Soundtrack)," M.M.Keeravani,  Veturi,  Chitra"
505,Morethukochindhi,Cheliyaa," A.R. Rahman,  A.R. Reihana,  Tipu,  Nikhita Gandhi"
506,Naanu IASsu Maga,Naanu IASsu Maga, Sirivennela
508,Jingu Jingu Cheera,Lorry Driver," S.P. Balasubrahmanyam,  Chitra"
509,Arere Dada Petti,Janaki Ramudu," K. V. Mahadevan,  S.P. Balasubrahmanyam,  P. Susheela"
513,Unnatta Lenatta,Vaana," Kamalakar,  Ranjith"
515,Bangaru Bomma,Gillikajjalu," S.P. Balasubrahmanyam,  K. S. Chithra"
516,Veyyinokka,Ravanasura, Anurag Kulkarni
517,Shiva Poojaku,Swarna Kamalam," S. P. Balasubrahmanyam,  P. Susheela"
518,Gudu Gudu Guncham,Ravoyi Chandamama," Mani Sharma,  Sukhwinder Singh,  Lalitha Sagari,  Smitha (Nivedhitha)"
520,Ayyo Ayyo,Bobbili Raja," Ilaiyaraaja,  S.P. Balasubrahmanyam"
521,Chuttu Pakkala,Rudraveena," Ilaiyaraaja,  S.P. Balasubrahmanyam"
524,Intikeldam Padavammo,Aavida Maa Aavide," Sri,  K. S. Chithra,  Swarnalatha,  S.P. Balasubrahmanyam"
525,Auditorium Music Bit,Nee Sneham, R.P. Patnaik
526,Mellaga Mellaga - Male,Asha Asha Asha," P. Unnikrishnan,  Annupamaa"
527,Viche Chirugali (Female),Naalo Vunna Prema," Koti,  K. S. Chithra"
528,"Chukkallara, Part-2",Apathbhandavudu," S.P. Balasubrahmanyam,  Chitra"
529,Chummade Chummade,Aavida Maa Aavide," Sri,  Poornima,  Rajesh Krishnan"
530,Evvariki,Josh," Ujjaini Mukherjee,  Rahul Vaidya"
531,Neethone,Rudraveena," Ilaiyaraaja,  K.J. Yesudas"
533,Nee Raaka Kosam,Yatra, Shankar Mahadevan
534,Okka Saari Kindiki Raa,Kalasinaduddam," S.A. Raj Kumar,  Hariharan,  Sujatha Mohan"
535,Noraara Pilichina,Preminche Manasu Alludugaru Vachcharu Telugu," M. M. Keeravani,  S.P. Balasubrahmanyam"
536,Chekkera,Naani," A.R. Rahman,  S.P. Balasubrahmanyam,  Sujatha Mohan"
537,Cheppalani,Rudraveena," Ilaiyaraaja,  S.P. Balasubrahmanyam"
538,Hello Guru,Criminal (Original Motion Picture Soundtrack)," Vennelakanti,  S.P.Balasubramanyam,  Chitra"
539,Spicy Spicy Girl,Krishnam Vande Jagathgurum," Mani Sharma,  Hemachandra,  Sravanabhargavi"
540,Putthadi Bommanti,Ooyala," S.V. Krishna Reddy,  S.P. Balasubrahmanyam,  Sunitha,  Upadrasta"
541,Odhante Vinade,Bobbili Raja," Ilaiyaraaja,  S. Janaki,  S.P. Balasubrahmanyam"
546,Abbanee Pattentha,Lorry Driver," S.P. Balasubrahmanyam,  Chitra"
549,Attention Everybody,Coolie No. 1, S.P. Balasubrahmanyam
550,"O Prema, Part 1",Manasunna Maaraju," Sonu Nigam,  Vandemataram Srinivas"
553,Onamalu Nerpalani,Iddaru Iddare, S. P. Balasubrahmanyam
554,Nuvvu Nijam,Manasu Maata Vinadhu," Sree Kalyanramana,  Sunitha"
556,Kondameda,Pandaga," M. M. Keeravani,  K. S. Chithra,  S.P. Balasubrahmanyam"
557,Chanda O Chanda,Panchadara Chilaka, S.P. Balasubrahmanyam
558,Okkate Aasa,April 1st Vidudala," Ilaiyaraaja,  K. S. Chithra,  Mano"
559,Chempala Kempula,Trinethrudu," Raj-Koti,  S. Janaki,  S.P. Balasubrahmanyam"
561,Dream Girl,Gulabi," Suresh Peters,  Suchitra Krishnamoorthi"
564,Nee Parichayamutho,Choosi Choodangaane (Original Motion Picture Soundtrack)," Sid Sriram,  Ananth Sriram"
565,Ninghi Nela Oouyala,Gillikajjalu," S.P. Balasubrahmanyam,  K. S. Chithra"
566,Siggoo Poobanthi,Swayam Krishi," S.P. Balasubrahmanyam,  S. Janaki,  S.P. Shailaja"
567,Ecstacy Privacy,Sitha Rama Raju," M. M. Keeravani,  K. S. Chithra"
569,Ennallako Ila Vennane Koyila,Maa Aavida Meeda Ottu Mee Aavida Chala Manchidi," Sirivennela Sitaramasastri,  Chandrabose,  Srinivasa Murthy,  S. P. Balasubrahmanyam,  K. S. Chithra"
571,Dandalayya Undralayya,Mooshika Vahana," Ilaiyaraaja,  S.P. Balasubrahmanyam"
572,Jye Jye Mahakaya,Muddula Priyudu," M. M. Keeravani,  S.P. Balasubrahmanyam"
573,Rangeli Holi,Chakram," Chakri,  Shankar Mahadevan"
574,Sapuduayani Cheyaledu,Satya," Mano,  Swarnalatha"
575,Jariginadanta Nijamani,Ooyala," S.V. Krishna Reddy,  K. S. Chithra,  S.P. Balasubrahmanyam"
576,ABC Daatindo Ledo,Vamsi, Shankar Mahadevan
578,Natukottudu,Trinethrudu," Raj-Koti,  S. Janaki,  S.P. Balasubrahmanyam"
580,Koluvye Unnade,Swarna Kamalam," S. P. Balasubrahmanyam,  P. Susheela"
581,Sahasame Cheyyara,Chandralekha," Sandeep Chowta,  S.P. Balasubrahmanyam"
582,Thallipegu Chudu Ela,Narappa," Saindhavi,  Mani Sharma"
583,Koka Raika,Seemasimham," Mani Sharma,  S.P. Balasubrahmanyam,  Kavita Krishnamurthy"
585,Aksharaalu Rende,Abbaigari Pelli," Koti,  S.P. Balasubrahmanyam"
586,I Love You,Ninne Ishtapaddanu," R.P. Patnaik,  Kausalya,  S.P. Charan"
587,Godari Revulona,Rukmini, Sujatha Mohan
588,Chittikoona ( Pathos ),Maa Aayana Bangaram," Vandemataram Srinivas,  K.J. Yesudas"
590,Thattaha Thattaha,Aavida Maa Aavide," Sri,  S.P. Balasubrahmanyam,  Sujatha Mohan"
592,He Papa,Trinethrudu," Raj-Koti,  Jojo,  S.P. Balasubrahmanyam"
594,Ee Bomma Naa Kosam,Gandhi," Mani Sharma,  K. S. Chithra,  S.P. Balasubrahmanyam"
595,Nieto Vellipoidi (Party Mix),Ninne Pelladatha, S.P. Balasubrahmanyam
596,Sarele Vooruko,Little Soldiers, Sri
597,Pedavullo Pepsicola,Shriraam, R.P. Patnaik
598,Aa Navvulo Emunnado,Ela Cheppanu," Koti,  Karthik"
599,Ekasekatatha,Sitha Rama Raju," M. M. Keeravani,  S.P. Balasubrahmanyam,  Sujatha Mohan"
600,Vayasu Sogasu Kalisina Vela,Naari Naari Naduma Murari," S.P. Balasubrahmanyam,  P. Susheela"
601,Vuylala Vuylala,Sitha Rama Raju, M. M. Keeravani
603,Sriman Mahalakshmi,Diwali Special, Baby Kalpana
604,O Naa Priyatama,Naalo Vunna Prema," Koti,  K. S. Chithra,  Mano"
606,Natarajane,Swarna Kamalam, S.P. Sailaja
607,Veri Manasa,Jodi," A.R. Rahman,  K. S. Chithra,  S.P. Balasubrahmanyam"
608,Ayyare Ayyare,Bhalevadivi Basu," Mani Sharma,  K. S. Chithra,  S.P. Balasubrahmanyam"
609,Cheri Yasodaku,Swarna Kamalam, S.P. Sailaja
610,Sakhike,Swarna Kamalam, P. Susheela
612,Bodi Chadhuvulu,Manasicchi Choodu," Mani Sharma,  Mano,  Murali,  Teja"
613,Abbani Entha Debbani,Coolie No. 1," S.P. Balasubrahmanyam,  Ilaiyaraaja"
615,Jama Jama Jama,Criminal (Original Motion Picture Soundtrack)," Seetharama Shastry,  S.P.Balasubramanyam,  Chitra,  Sujatha Mohan"
616,Vellipothe Elaa,Okariki Okaru," M. M. Keeravani,  Shreya Ghoshal"
617,Merise Tharalone,Sirivennela, S.P. Balasubrahmanyam
618,Andhamaina,Srimathi Vellostha," Koti,  K.J. Yesudas"
619,Ooh Andi Pilla,Gokulamlo Seetha," Muralidhar,  Swarnalatha"
621,Konaseema Kurradanirro,Navvuthu Bathakalira," Devi Sri Prasad,  K. S. Chithra,  S.P. Balasubrahmanyam"
622,Spider Man,Naani," A.R. Rahman,  Kunal Ganjawala,  Poornima"
623,"O Prema, Part 2",Manasunna Maaraju," Rajesh Krishnan,  Vandemataram Srinivas"
624,Maanava Seva,Rudraveena," Ilaiyaraaja,  K.J. Yesudas"
625,Shivani Bhavani (Female),Swathi Kiranam, Vani Jayaram
626,Yenthanga Undho,Uugadi," S.V. Krishna Reddy,  Unni Krishnan,  Sunitha"
628,Ee Gaali Ee Nela,Pellikanuka," M.M. Keeravani,  K. S. Chithra"
629,Thelavarademo (Female),Sruthilayalu," K. V. Mahadevan,  P. Susheela"
630,Tulasi Dalamulache,Rudraveena," Ilaiyaraaja,  K.J. Yesudas"
631,Bhangaru Bommaku,Pellikanuka," Bhanumathi Ramakrishna,  M.M. Keeravani,  S.P. Balasubrahmanyam"
632,No Problem,Love Birds," A.R. Rahman,  Appaci Indian"
633,O Manmadha,Vijayendra Varma," Koti,  Udit Narayan,  Shreya Ghoshal"
634,Saradaga Samayam,Vamsaniki Okkadu," Koti,  S.P. Balasubrahmanyam"
635,Two In One,Aavida Maa Aavide," Sri,  S.P. Balasubrahmanyam,  Sujatha Mohan,  Anuradha Sriram"
636,Rangula Taraka,Ela Cheppanu," Koti,  Karthik,  Sunitha"
637,Neeru Leni Nadilo,Panchadara Chilaka, Rajesh Krishnan
638,Maa Thandri Suryuda,Suryudu, K.J. Yesudas
639,Nuvante Chala Istam,Ravanna," S.A. Raj Kumar,  K. S. Chithra,  Rajesh Krishnan"
640,Rosa Rosa Rosa,Rajahamsa," M.M. Keeravani,  K. S. Chithra"
641,O Naa Maina,Hello Alludu," Raj-Koti,  K. S. Chithra,  S.P. Balasubrahmanyam"
643,Manninchamma,Pellikanuka," M.M. Keeravani,  S.P. Balasubrahmanyam"
644,Neeli Kanumallo,Nawab," A.R. Rahman,  Nakul Abhyankar"
645,Life Of Ram - Lofi Mix,"Life Of Ram - Lofi Mix (From ""Jaanu"")", Pradeep Kumar
646,Music Bit (Thillana),Eeswar (New),
648,Changu Bala Bagundi,Number One (Original Motion Picture Soundtrack)," Seetharama Shastry,  S.P.Balasubramanyam,  Chitra"
649,Anukunnana Enadyna,Panchadara Chilaka, S.P. Balasubrahmanyam
650,Nee Choopu Chalamma,Preminche Manasu Alludugaru Vachcharu Telugu," S.A. Rajkumar,  Rajesh Krishnan"
653,Suvvi Suvvi Suwala (Female Version),Pellikanuka," M.M. Keeravani,  K. S. Chithra"
654,Evarini Aadagali,Janaki Ramudu," K. V. Mahadevan,  S.P. Balasubrahmanyam,  P. Susheela"
655,Changre Hangaama,Prema Katha," Sandeep Chowta,  Soumya Rai"
657,Sirivennela - Lofi,Sirivennela - Lofi," Anurag Kulkarni,  S VIII"
658,Awaara,Josh, Soumya Rai
659,Nee Chenthe Oka,Swarabhishekam," Vidhya Sagar,  K. S. Chithra,  Mano"
661,Rama Chiluka Ragalu F,Sree Srimathi Satyabhama," K. S. Chithra,  S.V. Krishna Reddy"
662,Mounamenduke Koila,Panchadara Chilaka, S.P. Balasubrahmanyam
663,Em Papa,M. Dharmaraju M.A.," Raj-Koti,  K. S. Chithra,  S.P. Balasubrahmanyam"
664,Vinudu Vinudu,Sitha Rama Raju," M. M. Keeravani,  Nagarjuna,  Srivalli"
665,Thidathara Kodathara,Ashta Chamma, Sreerama Chandra
666,Nammalo Ledo..,Ashta Chamma," Sreerama Chandra,  Manasa Veena"
667,Chinnari Manasuku,Sankalpam," Koti,  K. S. Chithra,  S.P. Balasubrahmanyam"
668,Patallo,Sirivennela," P. Susheela,  N.S. Prakash Rao"
669,Kammani Kantireppala,Pellikanuka," M.M. Keeravani,  K. S. Chithra,  S.P. Balasubrahmanyam"
670,Chettumedhi Usiri,Taraka Ramudu," Koti,  S.P. Balasubrahmanyam"
671,Papiki Papiki,Criminal (Original Motion Picture Soundtrack)," Seetharama Shastry,  S.P.Balasubramanyam,  Chitra"
673,Gala Gala Paare,Srimathi Vellostha," Koti,  K. S. Chithra,  S.P. Balasubrahmanyam"
674,Kokkarako,Prema Katha," Sandeep Chowta,  Rajesh Krishnan"
675,Dandalandi Kotha,Taraka Ramudu," Koti,  K. S. Chithra,  Krishnam Raju"
676,Prathi Okariki Tholi,Oka Chinna Maata," Bharadwaj,  K. S. Chithra,  S.P. Balasubrahmanyam"
678,Prema Devinchuma,Nenu Premisthunnanu," Sirpi,  Mano"
679,Swapnalanu,Yuvasena," Jassie Gift,  Sandeep"
680,Avuno Teliyadu,Entha Manchivaadavuraa, Shreya Ghoshal
681,Nee Kokakintha,Donga Mogudu," S.P. Balasubrahmanyam,  S. Janaki"
682,Pekallo Jokerla,Assembly Rowdy," K. V. Mahadevan,  S.P. Balasubrahmanyam,  K. S. Chithra"
683,Agiripove Ramachilaka,Panjaram," Raj,  M.M. Sreelekha"
684,Ekimeedaa,Gautamiputra Satakarni," Udit Narayan,  Shreya Ghoshal"
685,Na Kanne Hamsa,Jodi," A.R. Rahman,  Rafi"
686,Naalo Innalluga,Sridevi Soda Center," Dinker,  Ramya Behara"
687,Chhamaku Chhamaku,Antahpuram," Mano,  Swarnalatha"
688,Rama Chiluka Ragalu M,Sree Srimathi Satyabhama," S.P. Balasubrahmanyam,  S.V. Krishna Reddy"
691,Manasa Yenduku Kanniru,Vazram," S.V. Krishna Reddy,  S.P. Balasubrahmanyam,  Renuka,  Srilatha"
692,Chilipi Chirugali,Dongaata," Bharadwaj,  K. S. Chithra,  S.P. Balasubrahmanyam"
693,Prema O Prema,Gokulamlo Seetha, S.P. Balasubrahmanyam
694,Ninnu Choosi,Maa Nanna Ki Pelli," Koti,  S.P. Balasubrahmanyam,  Sujatha Mohan"
696,Kanivini Erugani,Kanyadhanam," Koti,  S.P. Balasubrahmanyam"
697,Yedo Tahaa Tahaa,Anaganaga Oka Roju," Mano,  Swarnalatha"
698,Ji Jjinaka Jinkara,Surya IPS," Ilaiyaraaja,  S. Janaki,  S.P. Balasubrahmanyam"
699,Oho Bhama,Top Hero (Original Motion Picture Soundtrack)," Jonnuvittula,  S.P.Balasubramanyam,  Chitra"
700,"Gummadi Gummadi (From ""Daddy"")",Priyamaina Nannaku, Hariharan
701,Podde Erugani,Gokulamlo Seetha, Chitra
702,Prema Sangati Emito,Prema Katha," Sandeep Chowta,  Soumya Rai"
703,Aakalakalaka,Mogudu," B. Babushankar,  Chinmayi Sripada,  Hemachandra"
704,Vunnamata,Rukmini," S.P. Balasubrahmanyam,  K. S. Chithra"
705,Chaitrama Raa,Pavitra Prema," Koti,  K. S. Chithra,  S.P. Balasubrahmanyam"
706,Aathmathvam,Swarna Kamalam, S. Janaki
707,Hey Paaru,Galipatam," Bheems Ceciroleo,  Adnan Sami,  Shreya Ghoshal"
709,Ramanama Mentho,Maa Aavida Collector," Vandemataram Srinivas,  K. S. Chithra,  S.P. Balasubrahmanyam"
710,Thalli Dhandaale,Lorry Driver," S.P. Balasubrahmanyam,  Chitra"
711,Udatha Udatha,Maayalodu (Original Motion Picture Soundtrack)," Seetharama Shastry,  S.P.Balasubramanyam"
713,Navvindi Malle Chandu,Kallu, Sesha Girisham
714,Andaralaga,Kudirithe Kappu Coffee," Yogeshwara Sharma,  K. S. Chithra"
715,Hai Hai Venelamma,Taraka Ramudu," Koti,  S.P. Balasubrahmanyam"
716,Paara Hushar,Swayam Krishi," S.P. Balasubrahmanyam,  S. Janaki"
717,Gallamundi Bosu,Rakshana (Original Motion Picture Soundtrack)," Seetharama Shastry,  S.P.Balasubramanyam,  Chitra"
718,Chittikoona ( Happy ),Maa Aayana Bangaram," Vandemataram Srinivas,  S. Janaki,  S.P. Balasubrahmanyam"
719,Oppuko Sundari,M. Dharmaraju M.A.," Raj-Koti,  Mano"
720,Neerugari Paripoku,Chettu Kinda Pleader," S.P. Balasubrahmanyam,  K. S. Chithra"
721,Thummeda Thummeda,Bawa Bawa Panneeru, K. S. Chithra
722,Kundanapu Bommaki,Sitha Rama Raju," M. M. Keeravani,  S.P. Balasubrahmanyam,  S.P.Sailaja"
723,Kuyile Kuyile,Vazram," S.V. Krishna Reddy,  K. S. Chithra,  S.P. Balasubrahmanyam"
724,Vayari Bhama - Official Remix,"Vayari Bhama - Official Remix (From ""Thammudu"")", Ramana Gogula
725,Hey Vastaava,Aavida Maa Aavide," Sri,  Anuradha Sriram"
726,E Ragamundi,Manasulo Maata, S. P. Balasubrahmanyam
727,Polimeradhatipothunna,Sirivennela," S.P. Balasubrahmanyam,  B. Vasantha"
728,Thalayetthi,Mahathma, S P Balasubrahmanyam
729,Undi Undi Urimindi,Panchadara Chilaka, S.P. Balasubrahmanyam
730,Rangu Rangu Rekkala,Preminche Manasu Alludugaru Vachcharu Telugu, M. M. Keeravani
731,Maatatho Cheppalani,Bhale Mavayya," Raj-Koti,  K. S. Chithra,  S.P. Balasubrahmanyam"
734,Shivani Bhavani (Male),Swathi Kiranam, S.P. Balasubrahmanyam
735,Jaamurathri,Top Hero (Original Motion Picture Soundtrack)," Jonnuvittula,  S.P.Balasubramanyam,  Chitra"
736,Mudante Vadante,Criminal (Original Motion Picture Soundtrack)," Vennelakanti,  S.P.Balasubramanyam,  Chitra"
737,Tajmahalani,Chandralekha," Sandeep Chowta,  Rajesh Krishnan,  Sunitha"
739,Prakruthi Kanthaku,Sirivennela, S.P. Balasubrahmanyam
742,Adugadugunaa,Okkadunnadu, M. M. Keeravani
743,Bamchiki Bam Bam,Allari Mogudu, Chitra
744,Prema Modhalaite,Suprabhatam, S.P. Balasubrahmanyam
746,Love Is Blind,Anaganaga Oka Roju," Mano,  K. S. Chithra"
747,Jaliga Jabilamma,Swathi Kiranam," Vani Jayaram,  K. S. Chithra"
748,Marugela,Preminche Manasu Alludugaru Vachcharu Telugu," M. M. Keeravani,  Hariharan"
749,Sanna Jaaji,Allari Primikudu (Original Motion Picture Soundtrack)," Seetharama Shastry,  S.P.Balasubramanyam,  Chitra"
751,O Paapa Muddu Paapa,Top Hero (Original Motion Picture Soundtrack)," Jonnuvittula,  S.P.Balasubramanyam"
752,Evarini Choosthu Unna,Oka Chinna Maata," Bharadwaj,  K. S. Chithra,  S.P. Balasubrahmanyam"
753,Sunday Sunday,Prema Katha," Sandeep Chowta,  K. S. Chithra,  Mano"
754,Enno Cheppalunkunna,Naalo Vunna Prema," Koti,  Hariharan,  Sujatha Mohan"
756,Sadicheyakamma,Taraka Ramudu," Koti,  S.P. Balasubrahmanyam"
757,Ooru Natta Naadivaaye,Narappa," Anurag Kulkarni,  Mani Sharma"
758,Amrutham Title Song,Amrutham Title Song, Kalyani Malik
759,Hello Pillo,Sisindhri," Raj,  K. S. Chithra,  S.P. Balasubrahmanyam"
760,Jeevinchu Prema,Pellikanuka," M.M. Keeravani,  K. S. Chithra,  Vandemataram Srinivas"
761,Maa Ille Chandranivasam,Gillikajjalu," S.P. Balasubrahmanyam,  K. S. Chithra"
762,Hello Antoo,Ashta Chamma," Srikrishna,  Sushma"
763,Hey Papa,Gokulamlo Seetha," Mano,  Malgudi Shubha"
764,Emoy Ninnenoy,Sitha Rama Raju," M. M. Keeravani,  S.P. Balasubrahmanyam,  S.P. Sailaja"
765,Mrignayanaa,Gautamiputra Satakarni," S.P. Balasubrahmanyam,  Shreya Ghoshal"
766,Konchem Agara,Asha Asha Asha," Hariharan,  Sujatha Mohan,  Annupamaa"
767,Atu Itu Chudake,Kalasinaduddam," S.A. Raj Kumar,  K. S. Chithra,  S.P. Balasubrahmanyam"
768,Oo Lele Oo Lele,Sindhooram," Malaysia Vasudevan,  Mohandas,  Srinivas Chakravarthi,  Srinivas"
769,Andhala Seemalo,Gokulamlo Seetha," Mano,  Chitra"
770,Aye Rukkamma Chukkamma,Chaala Bagundhi," Koti,  K. S. Chithra"
773,Sarigamapadani,Rukmini," S.P. Balasubrahmanyam,  K. S. Chithra"
774,Ramudu Manchi,Taraka Ramudu," Koti,  S.P. Balasubrahmanyam"
775,Haire Haire,Panchadara Chilaka, Rajesh Krishnan
776,Choosthunna Fusion Mix,Mogudu," B. Babushankar,  Karthik"
777,Thelavarademo (Male),Sruthilayalu," K. V. Mahadevan,  K.J. Yesudas"
778,Prema Johaar,Hitler," Murali,  Mano"
780,Pillisthe Palukutanani,Pilisthe Palukutha, S.P. Balasubrahmanyam
781,Yedu Malleu Ettu Sukumari Ki,Sindhooram," Madhavapeddi Satyam,  Krishnam Raju,  Praveen"
782,Suprabhathamlo Melukunnana,Swapna Lokam, S. P. Balasubrahmanyam
783,Chaali Chalani Kulukulalona,Preminche Manasu Alludugaru Vachcharu Telugu," M. M. Keeravani,  K. S. Chithra,  P. Jayachandran"
784,Chilakamma,Asha Asha Asha," P. Unnikrishnan,  Anuradha Sriram"
785,Erra Errani Kurradhana,M. Dharmaraju M.A.," Raj-Koti,  K. S. Chithra,  S.P. Balasubrahmanyam"
786,Swapnala Venta Swargala Veeta,Dongaata," Bharadwaj,  S.P. Balasubrahmanyam"
787,Tango Kalalo,Cheliyaa," A.R. Rahman,  Hriday Gattani,  Tanvi Shah"
788,Kanule Vethike Veluge,Kanyadhanam," Koti,  K.J. Yesudas"
790,Raajaya Namaha,Rajendrudu Gajendrudu (Original Motion Picture Soundtrack)," Bhuvana Chandra,  S.P.Balasubramanyam"
791,Beedilu Thagandi,Top Hero (Original Motion Picture Soundtrack)," Seetharama Shastry,  S.P.Balasubramanyam,  Chitra"
792,Gopala Krishnudammaa,Naalo Vunna Prema," Koti,  K. S. Chithra,  Tippu"
793,Yeavaro Okaru,Ankuram," Hamsalekha,  S.P. Balasubrahmanyam,  K. S. Chithra"
794,Kanne Chiluka,Lorry Driver," S.P. Balasubrahmanyam,  Chitra"
795,Mounamendhuku,Classmates," Koti,  Mallikarjun,  Anjana Sowmya"
796,Ko Ko Kopama,Pandaga," M. M. Keeravani,  S.P. Balasubrahmanyam"
797,Prematho Ninu,Nenu Premisthunnanu," Sirpi,  K. S. Chithra,  Mano"
798,Entha Panjesindee,Dongodu," Vidhya Sagar,  Hariharan,  Sujatha Mohan"
800,Chilipi Yatralaku,Aditya 369," Ilaiyaraaja,  K. S. Chithra,  S.P. Balasubrahmanyam"
803,Emanukunna Emaina,Ooyala," S.V. Krishna Reddy,  S.P. Balasubrahmanyam"
804,Gundello Gudiganta,Gowri," Koti,  Mallikarjun,  Usha"
805,Hello Basu,Sisindhri," Raj,  Mano,  Muralidhar,  Kota Srinivasa Rao"
807,Sagatu Manishi,Ammo Okato Thareeku," Vandemataram Srinivas,  K.J. Yesudas"
808,Ottasi Cheppava,Aathma Bandham," S.P. Balasubrahmanyam,  Chitra"
809,Mellaga Lofi Mix,Varsham," S.P.Charan,  Sumangali"
810,Now or Never,Vedam (Original Motion Picture Soundtrack)," Ranjith,  Deepu,  Geetha Madhuri,  Chaitra"
811,Padana Gopala,Gayam," Mano,  Eeshwar,  Chitra"
812,Andari Mundara,Nenu Premisthunnanu," Sirpi,  K. S. Chithra,  S.P. Balasubrahmanyam"
813,Kaatuka Pittala,Uugadi, S.V. Krishna Reddy
814,Antarikshayanam,Antariksham 9000 KMPH," Kaala Bhairava,  Sirivennela Seetharama Sastry"
815,Kanchare Kanchare,Kalasinaduddam," S.A. Raj Kumar,  Hariharan,  Sujatha Mohan"
816,Viche Chirugali (Male),Naalo Vunna Prema," Koti,  S.P. Charan"
817,Chinkule Okkati,Pavitra Prema," Koti,  K. S. Chithra,  S.P. Balasubrahmanyam"
818,Kotraa Dappu,Bedurulanka 2012," Mani Sharma,  Prudhvi Chandra"
819,Together We Rock (Telugu),Rrr Ost Vol-7, M.M. Keeravaani
820,Hello Hello Darling,Swayam Krishi, S.P. Balasubrahmanyam
821,Matotundi Magada,Bava Nachadu," M. M. Keeravani,  Shankar Mahadevan,  Anuradha Sriram"
822,Diri Diri Diri Diridi,Manasulo Maata," Udit Narayan,  Sunanda Sharma"
823,Sreekaram Edi Maro Charithraki,Chaala Bagundhi," Koti,  Poornima,  Kalpana,  Parthasarathy"
824,Story Theme,Sri Seetharamula Kalyanam Chothamu Rarandi, M. M. Keeravani
825,Vunnamata Vinnavista,Sardukupodam Randi," S.V. Krishna Reddy,  Udit Narayan,  Sunitha"
826,Bommava Ammadu,Rajendrudu Gajendrudu (Original Motion Picture Soundtrack)," Seetharama Shastry,  S.P.Balasubramanyam,  Chitra"
827,Ashta Chamma Theme,Ashta Chamma, Sushma
828,Oopalaenaya,Anaganaga Oka Roju," Mano,  K. S. Chithra"
829,Prema Prema Chepama,Rukmini," S.P. Balasubrahmanyam,  K. S. Chithra,  Vidyasagar"
830,Mental Madhilo,OK Bangaram," A.R. Rahman,  K. Krishna Chaitanya,  Jonita Gandhi"
831,Segalu Chimmuthondhi,Nawab," A.R. Rahman,  Sunitha Sarathy,  Nakul Abhyankar,  Sathyaprakash D"
832,Jaago Narasimhaa Jaagore,Syeraa Narasimha Reddy," Shankar Mahadevan,  Haricharan,  Anurag Kulkarni"
833,Pelliki Mundu Oka Saari,Dharma Kshetram," Ilaiyaraaja,  S.P. Balasubrahmanyam,  S. Janaki"
834,Ninna Monna Maatho,Chelikaadu," S.A. Raj Kumar,  K. S. Chithra,  Sujatha Mohan"
835,Joru Joruga,Kshemmanga Velli Labamga Randi," Vandemataram Srinivas,  Sukhwinder Singh,  Nityasree"
836,Vayyari Bhama,Number One (Original Motion Picture Soundtrack)," Bhuvana Chandra,  S.P.Balasubramanyam,  Chitra"
837,Vishakapatnam Beechi,Doragaariki Donga Pellam," Koti,  S.P. Balasubrahmanyam"
838,Bhamaro Nanne Pyar  Karo,Ghatothkachudu," S.V. Krishna Reddy,  S.P. Balasubrahmanyam,  Swarnalatha"
839,O Dywama,Pavitra Prema," Koti,  K.J. Yesudas"
840,Pakka Commercial - Title Song,Pakka Commercial," Jakes Bejoy,  Hema Chandra"
841,Gundello Dhada Dhada,Antham," S.P. Balasubrahmanyam,  Chitra"
842,Ramachilakamma,Maa Aavida Meeda Ottu Mee Aavida Chala Manchidi," Sirivennela Sitaramasastri,  Chandrabose,  Srinivasa Murthy,  Srinivas"
843,Emitouthunnadhi,Ide Naa Modati Prema Lekha," Jeans Srinivas,  Swarnalatha"
844,O Chelli Anarakali,Sindhooram, Suresh Peters
845,Aiyayo,Rangeli," A.R. Rahman,  Annupamaa"
846,"Thalli Pegu (From ""Narappa"")","Thalli Pegu (From ""Narappa"")"," Saindhavi,  Mani Sharma"
847,Gunde Chatuga (Male),Classmates," Koti,  Hemachandra"
848,Tholisaari,Premante Pranamista," A.R. Rahman,  K. S. Chithra,  Unni Krishnan"
849,Pasvaado Emito,Sitha Rathnam Gari Abbaye, S.P. Balasubrahmanyam
850,Yeendaammo,Anaganaga Oka Roju," Mano,  Lalitha Sagari"
851,Athadilo Edo,Kudirithe Kappu Coffee," Yogeshwara Sharma,  Hamiska Iyer"
852,Bhaga Bhagamani,Kanche, Vijay Prakash
853,Endaka Egirevamma,Srinivasa Kalyanam," S.P. Balasubrahmanyam,  P. Susheela"
854,Ninne Premincha,Naa Hrudayamlo Nidurinche Cheli," Mano,  K. S. Chithra"
855,Manasaa Nannu Vadhili,Nawab," A.R. Rahman,  Anuradha Sriram,  Pooja Av,  Aparna Narayanan"
856,Parameshwarani,Apathbhandavudu, S.P. Balasubrahmanyam
857,Okate Kadhaa,Oke Oka Jeevitham (Original Motion Picture Soundtrack)," Gowtham Bharadwaj,  Krishna Kanth,  Jakes Bejoy"
858,Venavantra Abbai,Aaro Pranam," S.P. Balasubrahmanyam,  Jikki,  K. S. Chithra"
859,Athmatvam Girija,Sitha Rama Raju," M. M. Keeravani,  S.P. Balasubrahmanyam"
860,Gunde Chatuga (Female),Classmates," Koti,  Chaitra"
861,Kottandayya,Pokiri Raja, S.P. Balasubrahmanyam
862,Anaganaganaga Lofi Mix by Abhishek Martyn,Anaganaganaga Lofi Mix by Abhishek Martyn," Sirivennela Seetharama Sastry,  Thaman S,  Armaan Malik"
863,O Maina,Antham, Chitra
864,Yopam Pushpam,Sutradharulu," S. P. Balasubrahmanyam,  S.P. Sailaja"
865,Dum Dum Dum,Dongodu," Vidhya Sagar,  K. S. Chithra,  Valisha Babji"
866,Hai Rabba,Sri Seetharamula Kalyanam Chothamu Rarandi," M. M. Keeravani,  K. S. Chithra,  Radhika"
867,Samba Samba,Love Birds," A.R. Rahman,  Aslam Musthafa"
868,Pileche (Trending Version),Pileche (Trending Version)," Mani Sharma,  Hemachandra,  Shweta Mohan"
869,Nyaya Devathaku,Korukunna Priyudu," Koti,  S.P. Balasubrahmanyam"
870,Evaru Choodani,Sri Seetharamula Kalyanam Chothamu Rarandi," M. M. Keeravani,  K. S. Chithra"
871,Adagalanundi Oka,Little Soldiers," Sri,  Deepika,  Vishnukanth,  Srilekha"
872,Varevaa,Money," Sri Maruthi,  Ramgopal Varma,  Siri Vennela Seetha Ramasasthry,  Sathyam"
873,Kamuni Patnam,Nippu Ravva," S.P. Balasubrahmanyam,  Chitra"
874,Dhirana Thmo Thakita,Navvuthu Bathakalira," Devi Sri Prasad,  S.P. Balasubrahmanyam,  Sumangali"
875,Vellamma Karthika Jyothi,Suryudu, K. S. Chithra
876,Chinari Kittaya Putti,Gillikajjalu," S.P. Balasubrahmanyam,  K. S. Chithra"
877,Muvvala Navakala Lofi Mix,Pournamy," S.P.Balasubrahmanyam,  K. S. Chithra"
878,Havva Havva,Oh Chinadana," Vidhya Sagar,  Mano,  Swarnalatha"
879,A Ale Ranattu,Rowdigari Pellam," S.P. Balasubrahmanyam,  Chitra"
880,Hatteri Chintamani,Gamyam," Deepu,  Gayatri"
881,Aoura Laila,Veedevadandee Babu," Sirpi,  Manu"
882,Kurrakaru Poojinche,Oka Chinna Maata," Bharadwaj,  K. S. Chithra,  S.P. Balasubrahmanyam"
883,Nannu Nammanee,Nawab," A.R. Rahman,  Shakthisree Gopalan,  Lady Kash"
884,Chitapata Chinukulu,Aithe, M.M. Keeravaani
885,Eppudu Nee Roopamlo,Mogudu," B. Babushankar,  Karthik"
886,Siva Siva Moorthyvi,Rukmini," S.P. Balasubrahmanyam,  Mano"
887,Pellivaramandi .. Mee Intikochinamandi,Pellivaramandi," K. Veeru,  S.P. Balasubrahmanyam,  S.P. Charan,  K. S. Chithra"
888,Malli Malli,Aalu Magalu, S. P. Balasubrahmanyam
889,Oye Oye,Pokiri Raja," S.P. Balasubrahmanyam,  Chitra"
890,Madhuramu Kadha,Oka Chinna Maata," Bharadwaj,  K. S. Chithra"
891,Chalekki Undanuko,Antham," Chitra,  Jojo"
892,Hai Re Hai,Sindooram, Srinivasa Chakravarthy
893,Andam Emitante,W/o V. Vara Prasad," S.P. Balasubrahmanyam,  K. S. Chithra"
894,Aiswayara Rai O Emo,Ramudochadu," S.P. Balasubrahmanyam,  Suresh Peters"
895,Eppudainna - BGM,Mahanubhavudu - BGM, Swetha Pandit
896,Jago Jago Junior,Vechivunta," Akash,  Ravi Varma"
897,Dhivi Dhari Veedi Ila Jaaripadi,Chaala Bagundhi," Koti,  S.P. Balasubrahmanyam,  Sangeetha"
898,Thade Paamayye,Suprabhatam, Ashok Khosla
899,Ekkadundhi Nyayam,Kanyadhanam," Koti,  K.J. Yesudas"
900,Samayama,Gamyam, Sujatha Mohan
901,Pallello Kala Undhi,Yatra, S. P. Balasubrahmanyam
902,Okkokka Vana Chukka,Pokiri Raja," S.P. Balasubrahmanyam,  Chitra"
903,Devudi Gullo,Maa Nanna Ki Pelli," Koti,  K. S. Chithra"
904,Saaho Saarvabowma Saaho,Gautamiputra Satakarni," Vijay Prakash,  Keerthi Sagathiya"
905,Bhalegundi Bhalegundi,Kanyadhanam," Koti,  S.P. Balasubrahmanyam"
906,Konda Kommuna,Vasantha," Vandemataram Srinivas,  Swarnalatha"
907,Chaalle Gaani,Gamyam," Chaitanya,  Sunitha"
908,Enado Jarigina,Gowri," Koti,  Mano"
909,Varevva Varahala,M. Dharmaraju M.A.," Raj-Koti,  K. S. Chithra,  Mano"
910,Antha Naa Istam,Kauravudu," Mani Sharma,  Muralidar,  Dharma Teja"
911,Edi Prema Charithraki,Kanyadhanam," Koti,  K.J. Yesudas"
912,Pakkumantu,Pelli Sambhandham, S.A. Raj Kumar
913,Raavayya,Nippu Ravva, S.P. Balasubrahmanyam
914,Bhantureethi Koluvu,Ntr Biopic," K. S. Chithra,  Sreenidhi Tirumala"
915,Puvva Puvva Vayasu,Nayudu Gari Kutumbam," S. P. Balasubramaniyam,  K. S. Chitra"
916,Em Manthram,Gowri," Koti,  Nithya Santhoshini"
917,Repe Lokam,Love Birds," A.R. Rahman,  Unni Krishnan,  Sujatha Mohan"
918,Entha Sepaina,Antham, Chitra
919,Pelli Dochindoi,Navvulaata," M.M. Sreelekha,  K. S. Chithra,  S.P. Balasubrahmanyam"
920,Kasai Katthi Padhunu,Speedunnodu," Revanth,  DJ Vasanth"
921,Manditho Paatugaa,Yatra, Sai Charan
922,Chitapata Chinukula Vana,Priya O Priya," Koti,  K. S. Chithra,  S.P. Balasubrahmanyam"
923,Bang Bang,Bava Nachadu," M. M. Keeravani,  Shankar Mahadevan,  Sunitha Rao"
924,Jigi Jigi Jinka,Gowri," Koti,  Smitha (Nivedhitha),  Ravi Varma"
925,Ayyo Ayyayyo,Asha Asha Asha," Suresh Peters,  Sujatha Mohan,  G.V. Prakash Kumar"
926,Chamaku Chamaku Manu,Rayalaseema Ramanna Choudary," Mani Sharma,  Sukhwinder Singh,  K. S. Chithra"
927,Dikkulani Daatindhi,Nenu, Karthik
928,Oka Cheli,Asha Asha Asha," S.P. Balasubrahmanyam,  Swarnalatha"
929,Dandalu Pettu,Mamagaru, S. P. Balasubrahmanyam
930,Kuhu Kuhu Kuyavaa,Adrushtam," S.P. Balasubrahmanyam,  Chitra"
931,Amma Donga,Rowdi Mogudu," S.P. Balasubrahmanyam,  K. S. Chithra"
932,Come On Come On,Love Birds," A.R. Rahman,  Mano"
933,Theme Music,Number One (Original Motion Picture Soundtrack), S.V. Krishna Reddy
934,Ammammo,Balaram Krishndu," S.P. Balasubrahmanyam,  Chitra"
935,Asalem Gurthukuradhu - Lofi Mix,"Asalem Gurthukuradhu - Lofi Mix (From ""Antahpuram"")", K. S. Chithra
936,Eeyalle Achamaina,Mamagaru," S. P. Balasubrahmanyam,  P.B.Swarnalatha"
937,Kannadu Maa Ayya,Aathma Bandham," S.P. Balasubrahmanyam,  Vani Jairam"
938,Galli Loni Matti Mattiki,Satya, Rajesh Krishnan
939,Yepudokapudu Kalanthu,Rangeli, S. Janaki
940,Amitabh Bachan Haitu,Swapna Lokam," Udit Narayan,  Sharada"
941,Samara Shankham - Nee Kanulalo Kolimai Ragile Kaledoo,Yatra, Kaala Bhairava
942,Nee Ohallo,Sri Seetharamula Kalyanam Chothamu Rarandi," M. M. Keeravani,  Sunitha,  Suresh Peters"
943,Naa Kannulalo,W/o V. Vara Prasad," S.P. Balasubrahmanyam,  K. S. Chithra"
944,Mummu Mummu Muddistha,Oka Chinna Maata," Bharadwaj,  Mano,  Srilekha"
945,Aiswarya Rai Neeku,Preminche Manasu Alludugaru Vachcharu Telugu," M. M. Keeravani,  Naveen"
946,Samajavaragamana DJ A.Sen Lo-Fi Mix,Ala Vaikunthapurramuloo, Sid Sriram
947,Deelaiko Vango,Rajendrudu Gajendrudu (Original Motion Picture Soundtrack)," Bhuvana Chandra,  S.P.Balasubramanyam"
948,Lechindi Lediki Parugu,Money," S.P. Balasubrahmanyam,  Chakravarthi,  Chitra"
949,Rama Hay Rama,Veedevadandee Babu," Sirpi,  Manu,  Geeta"
950,Norara Navveddam,Navvuthu Bathakalira," Devi Sri Prasad,  S.P. Balasubrahmanyam"
951,I Love You Love You,Veedevadandee Babu," Sirpi,  Manu"
952,Kalalenduku,Sutradharulu," S. P. Balasubrahmanyam,  S.P. Sailaja"
953,Gundelo Sandadi,Preminche Manasu Alludugaru Vachcharu Telugu," M. M. Keeravani,  Sasi Preetham,  K. S. Chithra"
954,Maa Father O Tiger,Little Soldiers, Mano
955,Choostha Choostane,Nenu, Karthik
956,Adhi Bhikshuvu,Sri Vennila, S. P. Balasubrahmanyam
957,Hai Shabba,Nippu Ravva," S.P. Balasubrahmanyam,  Chitra,  Chorus"
958,Jam Jam Jam Jam,Maanikyam, S.P. Balasubrahmanyam
959,Endhaku Endhaku,Nenu, Karthik
960,Maradhalu Pilla,Nayudu Gari Kutumbam," S. P. Balasubramaniyam,  K. S. Chitra"
961,Madhuramaina Raagala F,Sneha Sangamam," K. S. Chithra,  Nadeem-Shravan"
962,Surajya Manaleni,Gayam, S.P. Balasubrahmanyam
963,Chelimeeda,Gayam," Mano,  Chitra"
964,Earu Jolapadenayya Sami,Chakravarthy, S.P. Balasubrahmanyam
965,Puvvai Virise Pranam,Ranga Maarthaanda, Ilaiyaraaja
966,"Tears, Blood And Breach (Telugu)",Rrr Ost Vol-5, M.M. Keeravaani
967,Adarahoo Andamaa,Chilakkottudu," S.P. Balasubrahmanyam,  Chitra"
968,Randi Kadali Randi,Nippu Ravva," S.P. Balasubrahmanyam,  Chorus"
969,Timentha,Nippu Ravva," S.P. Balasubrahmanyam,  Chorus"
970,Raara Aatagaada,OK Bangaram," A.R. Rahman,  Aaryan Dinesh Kanagaratnam (ADK),  Darshana KT,  Shashaa Tirupati"
971,O Priya Swagatham,Shubhalekhalu (Original Motion Picture Soundtrack)," Seetharama Shastry,  S.P.Balasubramanyam,  Chitra"
972,Matthagajame,Rudhramadevi," S.P. Balasubrahmanyam,  Kailash Kher,  Chitra"
973,Balegundi Chudu,Chilakkottudu," S.P. Balasubrahmanyam,  Chitra"
974,Evarivo Nannu,Tharangalu," S.P. Balasubrahmanyam,  Chitra"
975,Aye Amaayika,OK Bangaram," A.R. Rahman,  Karthik"
976,Yedho Adaganaa,OK Bangaram," A.R. Rahman,  Shashaa Tirupati,  Sathyaprakash D"
977,Neetho Alaa,OK Bangaram," A.R. Rahman,  Karthik,  Darshana KT,  Maria Roe Vincent"
978,Ammai Abba,Bhale Mogadu," S.P. Balasubrahmanyam,  S. Janaki"
979,Takadhimi,Ami Thumi," Sweekar Agasthi,  Ramya Behara"
980,Sai Shirdi Sai,99 Songs (Telugu)," A.R. Rahman,  Bela Shende"
981,Dheemaga,Antariksham 9000 KMPH," Benny Dayal,  Anurag Kulkarni"
982,Maayedho Cheyyava,OK Bangaram," A.R. Rahman,  Karthik,  Shashaa Tirupati"
983,Mental Madhilo (Female),OK Bangaram," A.R. Rahman,  Darshana KT"
984,Nuvvu Leni,Rangula Ratnam, Kala Bhairava
985,Poddu Vali Poye,Thoorupu Sindhuram," S. P. Balasubrahmanyam,  Ilaiyaraaja"
986,Paccha Pacchani,Thoorupu Sindhuram," S. P. Balasubrahmanyam,  Ilaiyaraaja"
987,Okey Oka Asha,Ravanna," S.A. Raj Kumar,  Udit Narayan,  K. S. Chithra"
988,Thakadheemtha,Maa Uri Maaraju," Koti,  S.P. Balasubrahmanyam"
989,Cheliya,Om 3D," K. Sai Karthik,  Achu,  Ramya NSK"
990,Gagana Seemaladire Maa Inta,Swapna Lokam," S. P. Balasubrahmanyam,  Swarnalatha"
991,Kayyala Ramude,Gandhi," Mani Sharma,  Mano,  Parthasarathi"
992,Poolakomma,Ravanna," S.A. Raj Kumar,  Udit Narayan,  Sujatha Mohan"
993,Aa Merupemito,"Aa Merupemito (From ""Aa Ammayi Gurinchi Meeku Cheppali"")"," Vivek Sagar,  Anurag Kulkarni"
994,Gorrantha Guttundi,Chelikaadu," S.A. Raj Kumar,  K. S. Chithra,  Anuradha Sriram"
995,Balakumari Syga,Pilla Nachindhi," Koti,  K. S. Chithra,  S.P. Balasubrahmanyam"
996,Lovvuki Age,Kshemmanga Velli Labamga Randi," Vandemataram Srinivas,  Udit Narayan,  Anuradha Sriram"
997,Konangi Konangi,Chanti (New)," Sri,  Kalpana"
998,Ontlo Netturu,Chanti (New)," Sri,  Karthik,  Anuradha Sriram"
999,Jallu Manada,Modati Cinema," Swaraj,  Sunitha,  S.P. Charan"
1000,Sri Saradamba,Sruthilayalu," K. V. Mahadevan,  S. Janaki"
1001,"Lali Jo Lali Jo (From ""Indhrudu Chandhrudu"")",Priyamaina Nannaku, S.P. Balasubrahmanyam
1002,Takadhimi (Club Version),Ami Thumi," Sweekar Agasthi,  Ramya Behara"
1003,Naapadam,Yuvakudu," Mani Sharma,  Parthasarathy"
1004,Dolu Baja Sannayi,Kalyana Ramudu," Mani Sharma,  Shankar Mahadevan"
1005,Evamma Vainamamamma,Sri Seetharamula Kalyanam Chothamu Rarandi," M. M. Keeravani,  K. S. Chithra,  S.P. Balasubrahmanyam,  Sunitha"
1006,Mattiloni Chettu,Dhoni," Ilaiyaraaja,  S.P. Balasubrahmanyam"
1007,Maikam Kaadidi,Yuvakudu," Mani Sharma,  Charan"
1008,Dimdim Thara Dimdim Thara,Oh Chinadana," Vidhya Sagar,  S.P. Balasubrahmanyam,  Uma Ramanan"
1009,Adavalla Mandi Memu,Kshemmanga Velli Labamga Randi," Vandemataram Srinivas,  K. S. Chithra,  Mano"
1010,Magha Masam,Neeke Manasichanu," Sri,  Rajesh Krishnan,  Gopika Poornima"
1011,Chik Ladki,Navvulaata," M.M. Sreelekha,  Mano"
1012,Kya Scene Hai,Sisindhri," Raj,  Anupama,  Mano"
1013,Mandalin Beat,Sruthilayalu, K. V. Mahadevan
1014,Ammammagarillu,Ammammagarillu, S.P. Balasubrahmanyam
1015,Urikee Chiru Chinuka,Modati Cinema," Swaraj,  Sri Ram Partha Sarthy"
1016,Yemi Cheyyavachu,Rangeli, Mano
1017,Om Ani,Sri Seetharamula Kalyanam Chothamu Rarandi," M. M. Keeravani,  S.P. Balasubrahmanyam,  Sunitha"
1018,Adigava Matyna,Keka," Chakri,  Kousalya,  Hemachandra"
1019,Soniye,Samudram, Sashi Pretham
1020,Chitti Chitti Adugaa,Dhoni," Ilaiyaraaja,  Shreya Ghoshal,  Naresh Iyer"
1021,Muddu Gumma,Thaali," Vidhya Sagar,  Sujatha Mohan,  Gangadhar"
