song_name,movie_album,singers
Gaali Vaaluga,Agnyaathavaasi, Anirudh Ravichander
Niluvaddham,Nuvvostanante Nenoddantana," Karthik,  Sumangali"
Chiguraku Chatu,Gudumba Shankar," S.P.B. Charan,  Sunitha Upadrasta"
Manasu Maree,V," Amit Trivedi,  Shashaa Tirupati,  Yazin Nizar"
Naa Chupe Ninu,Nuvvu Naaku Nachchav," Koti,  K. S. Chithra,  Shreeram Lagoo,  Prabhu"
Mellaga,Varsham," Devi Sri Prasad,  S.P. Charan,  Sumangali"
Muvvala Navakala,Pournamy," Devi Sri Prasad,  K. S. Chithra,  S.P. Balasubrahmanyam"
Mallieswarivey,Yuvasena, Jassie Gift
Niddura Potunna,Nuvve Nuvve," Koti,  Shankar Mahadevan"
Yeluko Nayaka,Narasimhudu," Mani Sharma,  Ganga,  Mallikarjun"
Vastha Nee Venuka,Naani," A.R. Rahman,  Harini,  Hariharan"
Sirivennela,Shyam Singha Roy - Telugu, Anurag Kulkarni
Alloneredu Kalla,Seenu," Mani Sharma,  K. S. Chithra,  Parthasarathy"
Neekosam Neekosam,Preyasi Raave," S.P. Balasubrahmanyam,  K. S. Chithra"
Samajavaragamana - Male,Ala Vaikunthapurramuloo, Sid Sriram
Manasa Palakave,Subhakankshalu," S. P. Balasubrahmanyam,  K. S. Chithra"
Balapam Patti,Bobbili Raja," Ilaiyaraaja,  K. S. Chithra,  S.P. Balasubrahmanyam"
Chiluka Kshemama,Rowdy Alludu," S.P. Balasubrahmanyam,  Chitra"
Cheppamma,Murari," Mani Sharma,  K. S. Chithra"
Cheppave Chirugali,Okkadu," Mani Sharma,  Udit Narayan,  Sujatha Mohan"
Badhulu Thochanai,Mr. Perfect," Devi Sri Prasad,  Karthik,  Mallikarjun"
Avunu Nijam,Athadu," KK,  Sunitha Upadrasta"
Andala Ada Bomma,Samarasimha Reddy," Mani Sharma,  Udit Narayan,  Sujatha Mohan"
Chitti Nadumune,Gudumba Shankar," Mallikarjun,  Premgi Amaren"
Botany,Shiva," S. P. Balasubrahmanyam,  S.P. Sailaja"
Tolisari Ninu,Preminchu," S. P. Balasubrahmanyam,  K. S. Chithra"
Allantha Doorala,Aadavari Matalaku Ardhalu Veruley," Yuvan Shankar Raja,  S.P. Balasubrahmanyam"
Netho Cheppana,Athadu," S. P. Balasubrahmanyam,  K. S. Chithra"
Naalo Unna Prema,Premante Idera," Ramana Gogula,  K. S. Chithra,  S.P. Balasubrahmanyam"
Jalsa Jalsa,Jalsa," Baba Sehgal,  Rita Thyagarajan"
My Heart,Jalsa, KK
Maha Muddu,Jai Chiranjeeva," Mani Sharma,  Shreya Ghoshal,  Karthik"
Life Of Ram,Jaanu, Pradeep Kumar
Kotha Kothaga,Coolie No. 1," S.P. Balasubrahmanyam,  K. S. Chithra"
Jabilamma Neeku Anta Kopama,Pelli," S.A. Raj Kumar,  S.P. Balasubrahmanyam"
Pileche,Khaleja," Mani Sharma,  Hemachandra,  Shweta Mohan,  Sirivennela Seetharama Sastry"
Thelusa Manasa,Criminal (Original Motion Picture Soundtrack)," Seetharama Shastry,  S.P.Balasubramanyam,  Chitra"
Rakhi Rakhi,Rakhi," Devi Sri Prasad,  Mamatha Mohandas"
Alanati Ramachandrudu,Murari," Mani Sharma,  Jikki,  Sunitha,  Sandhya"
Kanya Kumaari,Bobbili Raja," Ilaiyaraaja,  S. Janaki,  S.P. Balasubrahmanyam"
Pedavi Datani,Thammudu," Sunitha Upadrasta,  Ramana Gogula"
Vayasa Chusuko,Premante Idera," Ramana Gogula,  K. S. Chithra,  S.P. Balasubrahmanyam"
Aatadukundhama,Sisindhri," Raj,  K. S. Chithra,  S.P. Balasubrahmanyam"
Nuvvu Nuvvu,Khadgam," Devi Sri Prasad,  Sumangali"
Okkasari Cheppaleva,Nuvvu Naaku Nachchav," Koti,  Kumar Sanu,  K. S. Chithra"
Rama Rama Raghurama,Sri Anjaneyam, Mallikarjun
Em Cheppanu,Nenu Sailaja," Karthik,  Devi Sri Prasad"
Gore Gore,Kick," Thaman S,  Karthik,  Jyotsna Radhakrishnan"
Edo Oka Raagam,Raja," S.A. Raj Kumar,  K. S. Chithra"
Andhama Andhama,Govinda Govinda," S.P. Balasubrahmanyam,  K. S. Chithra"
Kila Kila,Coolie No. 1," S.P. Balasubrahmanyam,  K. S. Chithra"
Jaamurathiri,Kshana Kshanam," S.P. Balasubrahmanyam,  Chitra"
Nee Jathaga,Yevadu," Devi Sri Prasad,  Karthik,  Shreya Ghoshal"
Ninu Choosthunte,Aata," Devi Sri Prasad,  Siddharth,  Sumangali"
Manava Manava,Anji," Mani Sharma,  Sunitha,  Tippu"
Nammaka Tappani,Bommarillu," Devi Sri Prasad,  Sagar"
Nuvvasthanante,Varsham," Devi Sri Prasad,  K. S. Chithra,  Raqueeb Alam"
Naa Manusukemayindi,Nuvve Nuvve," Koti,  Udit Narayan,  Nithya Santhoshini"
Anaganaganaga,Aravindha Sametha, Armaan Malik
Unnamata Cheppanivu,Nuvvu Naaku Nachchav," Koti,  Harini,  Tippu"
Yamaho Yama,Chirutha," Mani Sharma,  Tippu"
Naa Pranama,Daddy," Udit Narayan,  K. S. Chithra,  S.A. Rajkumar"
Ekkada Ekkada,Murari," Mani Sharma,  Harini,  S.P. Charan"
Neelo Jarige,Balu ABCDEFG," Hariharan,  Shreya Ghoshal"
Mari Antaga,Seethamma Vakitlo Sirimalle Chettu," Mickey J. Mayor,  Sreerama Chandra"
Hoyna,Aata," Devi Sri Prasad,  K. S. Chithra,  Karthik"
Pranavalaya,Shyam Singha Roy - Telugu, Anurag Kulkarni
Pilichina,Athadu," Karthik,  Kavita Krishnamurthy"
Gundello Emundho,Manmadhudu," Venu,  Sumangali"
Kopama Napina,Varsham," Devi Sri Prasad,  Shreya Ghoshal,  Karthik"
Nuvvunte,Aarya," Sagar,  Sumangali"
Asalem Gurthukuradhu,Antahpuram, K. S. Chithra
Kavvinchake,Raja," S.A. Raj Kumar,  Rajesh Krishnan,  Sujatha Mohan"
O Navvu Chalu,Nuvvu Naaku Nachchav," Koti,  Shankar Mahadevan"
Kongupatte,Korukunna Priyudu," Koti,  K. S. Chithra,  S.P. Balasubrahmanyam"
Devudu Karunisthadani,Prema Katha," Sandeep Chowta,  Rajesh Krishnan,  Anuradha Sriram"
Bhama Bhama,Murari," Mani Sharma,  Anuradha Sriram,  S.P. Balasubrahmanyam"
Kannullo Nee Roopame,Ninne Pelladatha," Hariharan,  Chitra"
Pillagali,Athadu, Shreya Ghoshal
Nee Prashnalu,Kotha Bangaru Lokam, S. P. Balasubrahmanyam
Neeti Mullai (Bit),Varsham," Devi Sri Prasad,  Sagar,  Sumangali"
Gummadi Gummadi,Daddy, Hariharan
Hrudhayam,Parugu," Mani Sharma,  Hemachandra"
Kottaga,Swarna Kamalam," S. P. Balasubrahmanyam,  S. Janaki"
Naa Manasuney,Manmadhudu," S.P. Balasubrahmanyam,  K. S. Chithra"
Oke Oka Mata,Chakram, Chakri
Ee Manase Se Se,Tholiprema, S.P. Balasubrahmanyam
Ghal Ghal (Akasam Thakela),Nuvvostanante Nenoddantana, S.P. Balasubrahmanyam
Dai Dai Dhamma,Indra," Mani Sharma,  KK,  Maha Lakshmi"
Nuvve Nuvve Kavalantundi,Nuvve Nuvve," Koti,  K. S. Chithra"
Attarintiki,Okkadu," Mani Sharma,  Shreya Ghoshal,  Hariharan"
Chandamama,Athadu," Ranjith,  Mahalakshmi Iyer,  Suchithra"
Bharata Vedamuga,Pournamy," Devi Sri Prasad,  K. S. Chithra"
Chalore Chalore (Telugu),Jalsa, Ranjith
Edhuta Nilichindhi,Vaana," Kamalakar,  Karthik"
Telusuna,Sontham," Devi Sri Prasad,  K. S. Chithra"
Evvarineppudu,Manasantha Nuvve," R.P. Patnaik,  KK"
Ye Swapnalokala,Suswagatham, S. P. Balasubrahmanyam
Nuvante Nakistamani,Santhosham," R.P. Patnaik,  Rajesh Krishnan,  Usha"
Sada Nannu,Mahanati, Dr. Charulatha Mani
Chandrullo Unde,Nuvvostanante Nenoddantana, Shankar Mahadevan
Emaindo Emo,Prematho Raa," Harini,  S.P. Balasubrahmanyam"
Kannula Logililo,Raja," S.A. Raj Kumar,  K. S. Chithra,  Unni Krishnan"
Yeto Vellipoyindi,Ninne Pelladatha, Rajesh Krishnan
O Manasa O Manasa,Bhadra," Devi Sri Prasad,  Ravi Varma"
Chema Chekka,Bobbili Raja," Ilaiyaraaja,  K. S. Chithra,  S.P. Balasubrahmanyam"
Vastunna Vachestunna,V," Shreya Ghoshal,  Amit Trivedi,  Anurag Kulkarni"
Thanu Vethikina,Shailaja Reddy Alludu, Satya Yamini
Meghale Takindi,Preminchukundam Raa," S. P. Balasubramaniyam,  K. S. Chitra"
Ekkadiki Nee Parugu,W/o V. Vara Prasad," S.P. Balasubrahmanyam,  Sujatha Mohan,  M.M. Sreelekha"
You &amp; I,Jalsa, Devi Sri Prasad
Ammayi Muddu,Kshana Kshanam," S.P. Balasubrahmanyam,  Chitra"
Nenani Neevani,Kotha Bangaru Lokam, Shweta Pandit
Kaanunna Kalyanam,Sita Ramam (Telugu)," Vishal Chandrashekhar,  Anurag Kulkarni,  Sinduri Vishal,  Sirivennela Seetharama Sastry"
Neekosam,Nenunnanu," M. M. Keeravani,  Shreya Ghoshal,  KK"
Ee Chota Nuvvunna,Johnny," Rajesh Krishnan,  Nanditha"
Chinnanati Chelikade,Yagnam," Mani Sharma,  S.P. Balasubrahmanyam,  Shreya Ghoshal"
Langa Voni,Varsham," Devi Sri Prasad,  Tippu,  Usha"
Nee Tholisariga,Santhosham," R.P. Patnaik,  Usha"
Voddura Sodhara,Manmadhudu, S.P. Balasubrahmanyam
Nuvvem Maya,Okkadu," Mani Sharma,  Shreya Ghoshal"
Nuvvu Naatho Emannavo,Disco Raja, S. P. Balasubrahmanyam
Sirulokinche Chinni,Yamaleela," S.V. Krishna Reddy,  S.P. Balasubrahmanyam,  K. S. Chithra"
Nenu Nenuga,Manmadhudu, S.P.B. Charan
Musugu Veyyoddu,Khadgam," Devi Sri Prasad,  Kalpana"
Sri Anjaneyam,Oosaravelli," Devi Sri Prasad,  M.L.R. Karthikeyan,  Jr. N.T.R."
Kkokko Komali,Narasimha Naidu," Mani Sharma,  Udit Narayan,  Sujatha Mohan"
Meesam Unna,Sneham Kosam, Rajesh Krishnan
Manase Eduru Tirige,Premante Idera," Ramana Gogula,  K. S. Chithra,  S.P. Balasubrahmanyam"
Something Something,Nuvvostanante Nenoddantana, Tippu
Kita Kita Talupulu,Manasantha Nuvve," R.P. Patnaik,  K. S. Chithra"
Gagananiki Udayam Okate,Tholiprema, S.P. Balasubrahmanyam
Sarasalu,Shiva," Mano,  S. Janaki"
Chamak Cham,Kondaveeti Donga," S.P. Balasubrahmanyam,  K. S. Chithra"
Enadana Anukunnana,Eduruleni Manishi," S.A. Raj Kumar,  K. S. Chithra,  Hariharan"
Hamsaro,Cheliyaa," A.R. Rahman,  Arjun Chandy,  Haricharan,  Jonita Gandhi"
Nachave Nizam Pori,Varsham," Devi Sri Prasad,  Adnan Sami,  Sunitha Rao"
Beautiful Love,Naa Peru Surya Naa Illu India," Armaan Malik,  Chaitra Ambadipudi"
Gadhithalupula,Mirapakay," Thaman S,  Karthik,  Geetha Madhuri"
Adirey Adirey,Nuvvostanante Nenoddantana," Jassie Gift,  Kalpana"
Manasuna Unnadi (Female),Priyamainaneeku," Shivashankar,  K. S. Chithra"
Aakasham Digivachi,Nuvvu Naaku Nachchav," Koti,  S.P. Balasubrahmanyam"
Cheliya Cheliya,Manmadhudu, Shaan
Hare Rama,Okkadu," Mani Sharma,  Shankar Mahadevan"
Matanate,April 1st Vidudala," Ilaiyaraaja,  K. S. Chithra,  S.P. Balasubrahmanyam"
Chukkalu Temmana,April 1st Vidudala," Ilaiyaraaja,  K. S. Chithra,  Mano"
Gopikamma,Mukunda," K. S. Chithra,  Ramya Behara"
Kalaga Ochinavu,Pokiri Raja," S.P. Balasubrahmanyam,  Chitra"
Jagamanta Kutaumbam,Chakram," Chakri,  Sri"
Edo Jarugutondi,Fidaa," Aravind Srinivas,  Renuka"
Ghallu Ghallu,Indra," Mani Sharma,  S.P. Balasubrahmanyam,  Mallikarjun"
Cheppave Prema,Manasantha Nuvve," R.P. Patnaik,  Usha"
Pari Poke Pitta,Nuvvostanante Nenoddantana," Mallikarjun,  Sagar"
Aakasa Ganga,Vaana," Kamalakar,  Karthik"
Aakasamlo,Swarna Kamalam, S. Janaki
I Am Very Sorry,Nuvve Nuvve," Koti,  KK"
Dailamo,Mahathma," Sangeetha,  Balaji,  Megha"
Kannu Kottina,Balu ABCDEFG," Udit Narayan,  Sujatha Mohan"
Yela Yela,Aata," Devi Sri Prasad,  Sunitha,  Smitha (Nivedhitha)"
Manasa Manninchavamma,Aadavari Matalaku Ardhalu Veruley," Yuvan Shankar Raja,  Karthik"
Manasanta Nuvve,Manasantha Nuvve," R.P. Patnaik,  Sujatha Mohan,  S.P. Charan"
Veyi Kannulatho,Nee Sneham, R.P. Patnaik
Nee Sneham,Manasantha Nuvve," R.P. Patnaik,  Usha"
Ooruko Hrudayama,Nee Sneham," R.P. Patnaik,  KK"
Neekosam Oka,Happy, Shankar Mahadevan
Yeppatiki (Veyi Kannulatho),Nee Sneham," R.P. Patnaik,  Usha"
Come To The Party,S/O Satyamurthy, Vijay Prakash
Door Number Okati,Oopiri," Geetha Madhuri,  Gopi Sunder"
Nuvve Nuvve,Kalisundham Raa," S.A. Raj Kumar,  Hariharan,  Sujatha Mohan"
Sahasam,Okkadu," Mani Sharma,  Mallikarjun"
Hrudayamane,Pelli Sandadi," S.P. Balasubrahmanyam,  Chitra"
Chali Gaali Chuudduu,Gentleman," Haricharan,  Padmalatha,  Malvika Sriram,  Mani Sharma"
Mooga Manasulu,Mahanati," Anurag Kulkarni,  Shreya Ghoshal"
Poola Ghuma Ghuma,Sri Anjaneyam, Shreya Ghoshal
Joole Joole,Varsham," Devi Sri Prasad,  Kalpana,  Mallikarjun"
Rukku Rukku Rukkumani,Pelli," S.A. Raj Kumar,  Mano"
Vayari Bhama,Thammudu, Ramana Gogula
Gundenindagudi,Subhakankshalu," S. P. Balasubrahmanyam,  Renuka"
Bham Bham Bole,Indra," Mani Sharma,  Shankar Mahadevan,  Hariharan"
Neetho Edo,Paisa," Sai Kartheek,  Shweta Mohan"
Koyilamma Paadutunnadi,Vamsi," Udit Narayan,  Sujatha Mohan"
Gundello Gulabi,Malleswari," Shankar Mahadevan,  K. S. Chitra"
Itu Itu Ani Chitikelu Evvarivo,Kanche," Abhay Jodhpurkar,  Shreya Ghoshal"
Evaro Choodali,Pournamy," Devi Sri Prasad,  K. S. Chithra"
Nallanchu Tella Cheera,Donga Mogudu," S.P. Balasubrahmanyam,  P. Susheela"
Jalsa Jalsa (Remix),Jalsa," Baba Sehgal,  Devi Sri Prasad"
Nammaku Nammaku,Rudraveena," Ilaiyaraaja,  S.P. Balasubrahmanyam"
Yem Jaruguthundi,Mahathma," Karthik,  Sangeetha"
Evaro Ravali,Pournamy," Devi Sri Prasad,  K. S. Chithra"
Yawana Veena Puvvula Vana,Pelli," S.A. Raj Kumar,  S.P. Balasubrahmanyam"
Gelupuleni Samaram,Mahanati, Ramya Behara
Amalapura Bulloda,Rowdy Alludu," S.P. Balasubrahmanyam,  Radhika"
Ra Rakumara,Govindudu Andarivaadele," Yuvan Shankar Raja,  Chinmayi Sripada"
Oura Ammaka Chella,Apathbhandavudu," S.P. Balasubrahmanyam,  Chitra"
Rave Rajahamsala,Muddula Mogudu," Koti,  S.P. Balasubrahmanyam,  Sujatha Mohan"
Endhukuley Ila,Sambaram, R.P. Patnaik
Ok Anesa,Kotha Bangaru Lokam," Naresh Iyer,  Kalyani Nair"
Urumulu Nimuvvalai,Chandralekha," Sandeep Chowta,  Rajesh Krishnan,  Sujatha Mohan"
Meghaallo,Seethamma Vakitlo Sirimalle Chettu," Mickey J. Mayor,  Karthik,  Sreerama Chandra"
Padam Kadala,Nuvvostanante Nenoddantana, Sagar
Naakey Ganaka,Muddula Priyudu," M. M. Keeravani,  K. S. Chithra,  S.P. Balasubrahmanyam"
Yaevaindho,Balupu," S. Thaman,  S.P. Balasubrahmanyam,  Geetha Madhuri"
Aadinchi Ashta Chamma,Ashta Chamma, Sri Krishna
Manasa Ottu,Pilisthe Palukutha, K. S. Chithra
Chamak Chamak Cham (Remix),Inttelligent," S. P. B. Charan,  Harini Ivaturi"
Nela Raja,Surya IPS," Ilaiyaraaja,  K. S. Chithra,  S.P. Balasubrahmanyam"
Dosti,RRR - Telugu, Hemachandra
Samajavaragamana - Female,Ala Vaikunthapurramuloo, Shreya Ghoshal
Om Namo Nama Yavvanama,Surya IPS," Ilaiyaraaja,  K. S. Chithra,  S.P. Balasubrahmanyam"
Kalaya Nijama,Coolie No. 1," P. Susheela,  Ilaiyaraaja"
Manase Thadisela,Kick," Thaman S,  Vardhani Thaman"
Vidhatha Talapuna,Sirivennela," S.P. Balasubrahmanyam,  P. Susheela"
Ala Vaikunthapurramuloo Dj Mashup,Ala Vaikunthapurramuloo," Sid Sriram,  Anurag Kulkarni,  Mangli,  Roll Rida,  Rahul Nambiar,  Armaan Malik,  Lady Kash,  Rahul Sipligunj,  Blaaze,  Sri Krishna,  Priya Sisters"
Hay Rey Hai,Okkadu," Mani Sharma,  K. S. Chithra,  Karthik"
Champesindhe,Power - Unlimited," S. Thaman,  Karthik"
Chilaka Ye Thodu Leka,Subhalagnam," S.V. Krishna Reddy,  S.P. Balasubrahmanyam"
Meriseti Jaabili,Jayam Manadera," Kumar Sanu,  Swarnalatha"
Aalayana Harathilo,Suswagatham, S. P. Balasubrahmanyam
Konchem Ishtam,Konchem Ishtam Konchem Kashtam," Shankar-Ehsaan-Loy,  Shankar Mahadevan"
My Heart (Remix),Jalsa, KK
Neeli Vennila,Rajendrudu Gajendrudu (Original Motion Picture Soundtrack)," Jonnuvittula,  S.P.Balasubramanyam,  Chitra"
Patala Pallakivai (Male),Nuvvu Vasthavani," S.A. Raj Kumar,  S.P. Balasubrahmanyam"
Oke Okka Kshanam,Kalusukovalani," Devi Sri Prasad,  Sumangali"
Daredumdadum,Mukunda," Mickey J Meyer,  Sai Shivani"
Srivaru Doragaru,Sitha Rama Raju," M. M. Keeravani,  K. S. Chithra,  S.P. Balasubrahmanyam"
Chinuku Chinuku,Maayalodu (Original Motion Picture Soundtrack)," Jonnavittula,  S.P.Balasubramanyam,  Chitra"
Lalitha Priya,Rudraveena," Ilaiyaraaja,  K. S. Chithra,  K.J. Yesudas"
Prema Prema,Kalisundham Raa," S.A. Raj Kumar,  Unni Krishnan"
Anaganaga Oka,Pelli Pandiri," Vandemataram Srinivas,  K. S. Chithra"
Nee Navvu,Antham, S.P. Balasubrahmanyam
Ammai Nachesindhi,Nuvve Nuvve," Koti,  Rajesh Krishnan,  Kousalya"
Chinuku Thadiki,Nee Sneham," R.P. Patnaik,  Usha"
Dhim Thana,Kick," Thaman S,  K. S. Chithra"
O My Brotheru,Aarya, Ravi Varma
Santhosham Sagam Balam,Chirunavvuto," Mani Sharma,  S.P. Balasubrahmanyam"
Gali Chiru Gali (Bit),Vasantham," S.A. Raj Kumar,  K. S. Chithra"
Koila Paata,Ninne Premista," S.A. Raj Kumar,  K. S. Chithra,  S.P. Balasubrahmanyam"
Om Namami,Aavida Maa Aavide," Sri,  K. S. Chithra,  Hariharan"
Mallela Vaana,Raja," S.A. Raj Kumar,  K. S. Chithra,  Mano"
Ye Swasalo,Nenunnanu," M. M. Keeravani,  K. S. Chithra"
Nee Navvule,Malleswari," Kumar Sanu,  Sunitha"
Vampulavykhari,April 1st Vidudala," Ilaiyaraaja,  S.P. Balasubrahmanyam"
Yeeno Yenno,Pelli Chesukundham," Koti,  K. S. Chithra,  S.P. Balasubrahmanyam"
Aalochana Vasthene,Oh My Friend," Rahul Raj,  Ranjith,  Sangeetha Prabhu,  Sarah Straub"
Sa Sa Sye,Bhadra," Devi Sri Prasad,  K. S. Chithra,  Karthik"
Chukkalanni,Suryavamsam," S. P. Balasubrahmanyam,  Sujatha Mohan"
Ippatikippudu,Premaku Velayera," S.V. Krishna Reddy,  K. S. Chithra,  Unni Krishnan"
Eppudu,Oopiri," Karthik,  Gopi Sunder"
Ammerpet,Eeswar (New), R.P. Patnaik
Yemaindo Yemo Ee Vela,Tholiprema, S.P. Balasubrahmanyam
Emaindamma Eenadu,Eduruleni Manishi," S.A. Raj Kumar,  Hariharan"
Aho! Oka Manasuku,Allari Priyudu (Original Motion Picture Soundtrack)," S.P.Balasubramanyam,  Chitra,  Seetharama Shastry"
Jara Jara,Rakhi," Devi Sri Prasad,  Andrea"
Sirivennela - Female,Shyam Singha Roy - Telugu, Chaitra Ambadipudi
Thillana,Jai Chiranjeeva," Mani Sharma,  Shankar Mahadevan"
Emo Ekkadundo,Premante Idera," Ramana Gogula,  K. S. Chithra,  S.P. Balasubrahmanyam"
Thamups Up Thunder,Jai Chiranjeeva," Mani Sharma,  Maha Lakshmi,  Nihal"
Boss Memory Loss,Kick," Thaman S,  Ranjith,  Rahul Nambiar,  Ali,  Navin Madhav,  Raviteja"
Yemcheddam,Seethamma Vakitlo Sirimalle Chettu," Mickey J. Mayor,  Ranjith,  Sreerama Chandra,  Karthik"
Abhi Vandanam Yama Rajagrani,Yamaleela," S.V. Krishna Reddy,  S.P. Balasubrahmanyam,  K. S. Chithra"
Ivali Ivvalyna,Taraka Ramudu," Koti,  K. S. Chithra,  S.P. Balasubrahmanyam"
Beat In My Heart,Gulabi," Mano,  Gayatri Iyer"
Putthadi Bommaku Siggalu,Allari Primikudu (Original Motion Picture Soundtrack)," Seetharama Shastry,  S.P.Balasubramanyam,  Chitra"
Konthakalam Kindata,Nee Sneham," R.P. Patnaik,  Rajesh Krishnan"
Ee Kshnam Oke Oka Korika,Ela Cheppanu," Koti,  K. S. Chithra"
Ila Choodu,Nee Sneham," R.P. Patnaik,  Rajesh Krishnan,  Usha"
Yemo Aunemo,Nee Sneham," R.P. Patnaik,  Rajesh Krishnan,  Usha"
Aata,Aata," Devi Sri Prasad,  Shankar Mahadevan"
Chalaki Chilipi Vayasu,Maayalodu (Original Motion Picture Soundtrack)," Bhuvana Chandra,  S.P.Balasubramanyam,  Chitra"
Sinne Sinne Korikaladaga,Swayam Krishi, S. Janaki
Eppudainna,Mahanubhavudu, Swetha Pandit
I Dont Want Luv,Kick," Thaman S,  Karthik"
Chandamama Chandamama,Seemasimham," Mani Sharma,  Hariharan,  Sujatha Mohan"
Ee Premaki,Nenu Sailaja," K. S. Chithra,  Devi Sri Prasad"
Kovello Depam La,Nenu Premisthunnanu," Sirpi,  S.P. Balasubrahmanyam"
Computerlu,Nuvve Nuvve," Koti,  Anuradha Sriram,  Devan Ekambaram,  Trivikram Srinivas"
Ninne Ninne,Sasirekha Parinayam," Mani Sharma,  K. S. Chithra"
Parugu,Parugu," Mani Sharma,  Ranjith"
Yeda Poinado,Aravindha Sametha," Nikitha Srivalli,  Kailash Kher,  Penchal Das"
Nuvvemi Chesavu,Pelli Chesukundham," Koti,  K.J. Yesudas"
Ammye Nannanyena,Simhadri," Kalyani Malik,  M.M. Keeravani"
Emo Emo Emo,Devadas," Sid Sriram,  Ramya Behara"
Nandalaala,Mukunda, Swetha Pandit
Changure Changure,Sitha Rama Raju," M. M. Keeravani,  S.P. Balasubrahmanyam"
Tooneega,Manasantha Nuvve," R.P. Patnaik,  Usha,  Sanjeevini"
Anandama,Konchem Ishtam Konchem Kashtam," Shankar-Ehsaan-Loy,  Shankar Mahadevan,  Shreya Ghoshal"
Jaruguthunnaadi,Krishnam Vande Jagathgurum," Mani Sharma,  S.P. Balasubrahmanyam"
Repalle Malle Murali Vinnidi,Allari Mogudu," S.P. Balasubrahmanyam,  Chitra"
Tummeda - O-Tummeda,Srinivasa Kalyanam," S.P. Balasubrahmanyam,  P. Susheela"
Chik Buk Pori,Anji," Mani Sharma,  Shankar Mahadevan,  Kalpana"
Thammudu Are Thammudu,Master, Chiranjeevi
Arere Chandrakala,Mukunda," Karthik,  Sai Shivani"
Konda Kona Gundello,Pelli," S.A. Raj Kumar,  K. S. Chithra,  S.P. Balasubrahmanyam"
Taralirada,Rudraveena," Ilaiyaraaja,  S.P. Balasubrahmanyam"
Amma Ane Pilichi,Simharasi," S. Janaki,  S.A. Rajkumar"
Gali Chiru Gali,Vasantham," S.A. Raj Kumar,  K. S. Chithra"
Kukoo Kukoo,Rajendrudu Gajendrudu (Original Motion Picture Soundtrack)," Bhuvana Chandra,  S.P.Balasubramanyam,  Chitra"
Pallakivye,Pournamy," Devi Sri Prasad,  Gopika Poornima"
Pelli Kala Vachhesindhi,Preminchukundam Raa," Mano,  K. S. Chitra,  Swarnalatha"
Manninchu O Prema,Ela Cheppanu," Koti,  Udit Narayan,  K. S. Chithra"
Gumma Gulabi,Anji," Mani Sharma,  Karthik,  Pop Shalini"
Entha Varaku,Gamyam, Ranjith
Muddimmindi,Allari Mogudu," S.P. Balasubrahmanyam,  Chitra"
Kopam Vasthe,Taraka Ramudu," Koti,  K. S. Chithra,  S.P. Balasubrahmanyam"
Mounanga Unna,Red," Dinker,  Nutana Mohan"
Gundelo Valava,Eeswar (New)," Rajesh Krishnan,  Singer Usha"
Bangaram Thechi,Iddaru Mithrulu," Parthasarathy,  K. S. Chithra"
Ee Yogamanukomu,Sri Anjaneyam, S. P. Balasubrahmanyam
Pade Pade,Kalusukovalani," Devi Sri Prasad,  Sumangali"
Laali Laali,Indira, Harini
Koncham Karanga,Chakram," Chakri,  Kousalya"
Manasuna Unnadi (Male),Priyamainaneeku," Shivashankar,  S.P. Balasubrahmanyam"
Kaadhani Nuvvantunnadhi,Happy Wedding," Hema Chandra,  Sravana Bhargavi"
Bhavyamyna,Pournamy," Devi Sri Prasad,  Jayadev,  Punya Srinivas"
Oka Life,Oopiri," Karthik,  Gopi Sunder"
Chivaraku Migiledi,Mahanati, Sunitha Upadrasta
Amma Song,Oke Oka Jeevitham (Original Motion Picture Soundtrack)," Sid Sriram,  Sirivennela Seetharama Sastry,  Jakes Bejoy"
Nee Vupuri Nee Sothama,Snehitudu, Ramakrishnan Murthy
Naa Paata Panchamrutham,Allari Mogudu, S.P. Balasubrahmanyam
Manasulone Nilichipoke,Varudu Kaavalenu, Chinmayi Sripada
Yemantave Oh Manasa,Ninne Ishtapaddanu," R.P. Patnaik,  K. S. Chithra,  S.P. Balasubrahmanyam"
Andala Prayam,Vamshoddarakudu," Koti,  K. S. Chithra,  S.P. Balasubrahmanyam"
Naa Pedavulu,Ready," Sagar,  Gopika Poornima,  Devi Sri Prasad"
Manna Friendalla,Snehitudu," Krish,  Suchith Suresan"
Chukkallara,Apathbhandavudu, Chitra
Anuragame Mantramga,Pelli," S.A. Raj Kumar,  K.J. Yesudas"
Manasuna Mansuga,Love Birds," A.R. Rahman,  Hariharan,  Sujatha Mohan"
Aakasa Ganga (Pathos),Vaana," Kamalakar,  Karthik"
Chitti Adugu,Most Eligible Bachelor, Zia Ul Haq
Okkasaari Okkasaari,Top Hero (Original Motion Picture Soundtrack)," Seetharama Shastry,  S.P.Balasubramanyam,  Chitra"
Amma Brahma Devudo,Govinda Govinda," S.P. Balasubrahmanyam,  K. S. Chithra,  Malgudi Subha"
Meghala Pallakilona,Ela Cheppanu," Koti,  Sunitha,  Sri Ram Prabhu"
Enduku Chentaki,Konchem Ishtam Konchem Kashtam," Shankar-Ehsaan-Loy,  Unni Krishnan"
Alaa Choodu Prema,Preminchukundam Raa," S. P. Balasubramaniyam,  K. S. Chitra"
Aakashana,Manasantha Nuvve," R.P. Patnaik,  KK,  Sujatha Mohan"
Paita Kongu Ento Manchidi,Pelli," S.A. Raj Kumar,  K. S. Chithra,  S.P. Balasubrahmanyam"
Hayiga Amma Ollo,Yagnam," Mani Sharma,  Gopika Poornima,  Vardhani Thaman"
Thirumalavasa,Bhadra," Devi Sri Prasad,  Sumangali"
Avayi Tuvvayi,Sri Anjaneyam," Tippu,  Shreya Ghoshal"
Indhumati Charumathi,Raja Simham," Raj-Koti,  K. S. Chithra,  S.P. Balasubrahmanyam"
Antha Siddanga,Konchem Ishtam Konchem Kashtam," Shankar-Ehsaan-Loy,  Sonu Nigam,  Shreya Ghoshal"
Samajavaragamana,Top Hero (Original Motion Picture Soundtrack)," Jonnuvittula,  S.P.Balasubramanyam,  Chitra"
Eppudo (Female),Sontham," Devi Sri Prasad,  Sumangali"
Gopala Baludamma,Ooyala," S.V. Krishna Reddy,  K. S. Chithra"
Greeku Veerudu,Ninne Pelladatha, Sowmya
Sambarala,Preminchukundam Raa," S. P. Balasubramaniyam,  K. S. Chitra,  Sangeetha Sajith"
Chaala Bagundi,Mukunda, Haricharan
Slokam,Sri Anjaneyam," Kalpana,  K. S. Chithra"
Koya Koya,Pournamy," Devi Sri Prasad,  Shaan"
Andanantha Ettha,Kshana Kshanam," S.P. Balasubrahmanyam,  Chitra"
Get Reeady,Ready," Karthik,  Devi Sri Prasad"
Prathi Nijam Pagatikalaga,Ela Cheppanu," Koti,  K. S. Chithra"
Suridu Poova,Antahpuram, S. Janaki
Ichchi Puchchu,Pournamy," Devi Sri Prasad,  Tippu,  Sumangali"
Em Vaano,Naari Naari Naduma Murari," S.P. Balasubrahmanyam,  P. Susheela"
Preminchadame,Prematho Raa, Srinivas
Sirimallevaana,Vaana," Kamalakar,  K. S. Chithra,  Ranjith"
Diri Diri (Oye Oye),Josh," Kunal Ganjawala,  Sandeep Chowta"
Priya Priya,Kalusukovalani," Devi Sri Prasad,  Venugopal,  Sumangali"
Chinna Thandri,Sisindhri," Raj,  Swarnalatha"
Vadhuvai Raave Naa,Shubhalekhalu (Original Motion Picture Soundtrack)," V.Venkatesh,  S.P.Balasubramanyam,  Chitra"
Sri Karam,Kudirithe Kappu Coffee," Yogeshwara Sharma,  S.P. Balasubrahmanyam,  Nihal"
Thika Maka,Sri Anjaneyam, S.P. Balasubrahmanyam
Rum Pum bum,Disco Raja," Bappi Lahiri,  Ravi Teja"
Ee Gaali Ee Vela,Sirivennela," S.P. Balasubrahmanyam,  P. Susheela"
Nammave Ammai,Vaasu," Harris Jayaraj,  K. S. Chithra,  Raghavendra"
Soundarya Lahari,Pelli Sandadi," S.P. Balasubrahmanyam,  Chitra"
Naa Kosame,Subbu," M.M. Keeravaani,  Kavita Krishnamurthy"
Nee Kosam,Preyasi Raave," K. S. Chitra,  S. P. Balasubramaniyam"
Aakasam Sakshiga,Adavi Ramudu," Mani Sharma,  Sonu Nigam,  Mahalakshmi Iyer"
Ku Ku Ku Koo Komma Remma,Allari Primikudu (Original Motion Picture Soundtrack)," Veturi,  S.P.Balasubramanyam,  Chitra"
Yedho Yedho,Sasirekha Parinayam," Mani Sharma,  Saindhavi"
Dandalaya,Coolie No. 1, S.P. Balasubrahmanyam
Cheli Soku,Malleswari," KK,  K. S. Chitra"
Vacchindi Kada Avakasam,Brahmotsavam," Abhay Jodhpurkar,  Mickey J. Meyer"
Nee Maayaloduni,Maayalodu (Original Motion Picture Soundtrack)," Gaduri Vishwandha Sastry,  S.P.Balasubramanyam,  Chitra"
Brahmotsavam,Brahmotsavam," Sreerama Chandra,  Mickey J. Meyer"
Andala Aparanji Bomma,Ghatothkachudu," S.V. Krishna Reddy,  S.P. Balasubrahmanyam"
Pattudhalatho,Sambaram," R.P. Patnaik,  Mallikarjun"
Adugestene,Adavi Ramudu," Mani Sharma,  K. S. Chithra,  Sangeetha,  Malathi Sharma"
Oohalu Oorege Gaalanthaa,Sammohanam," Haricharan,  Keerthana"
Jinka Veta,Adavi Ramudu," Mani Sharma,  K. S. Chithra,  Hariharan"
Dharmardha Kamamulalona,Johnny, Rajesh Krishnan
Adugo Maharaju,Suryavamsam," Mano,  Sujatha Mohan"
Epudepududani,Nirnayam," S.P. Balasubrahmanyam,  S. Janaki"
Dill Kaalaasee,Kick," Thaman S,  Anushka Manchanda"
Vaaru Veeru,Devadas," Anurag Kulkarni,  Anjana Sowmya"
Kokamma Cheppamma,Donga Mogudu," S.P. Balasubrahmanyam,  S. Janaki"
Nuvventha Andagathe,Malleswari, Karthik
Entha Naatu Premo,Number One (Original Motion Picture Soundtrack)," Seetharama Shastry,  S.P.Balasubramanyam,  Chitra"
Emaindo Gaani,Nenu Meeku Thelusa," Achu,  Sriram Parthasarathy"
Asa Asaga,Sankranthi," S.A. Raj Kumar,  S.P. Balasubrahmanyam"
Aa Roje Tholisari,Pilla Nuvvu Leni Jeevitham," Anoop Rubens,  Sreerama Chandra"
Neela Poori,Mahathma, Kasarla Shyam
Amma Sampangi Reku,Satruvu," S. P. Balasubrahmanyam,  P. Susheela"
Andela Ravamidhi,Swarna Kamalam," S. P. Balasubrahmanyam,  Vani Jayaram"
O Prema,Sri Seetharamula Kalyanam Chothamu Rarandi," M. M. Keeravani,  S.P. Balasubrahmanyam,  Sunitha"
Yemo Aunemo (Humming),Nee Sneham," R.P. Patnaik,  Usha"
Radhe .. Radhe,Chirujallu," Vandemataram Srinivas,  K. S. Chithra,  S.P. Balasubrahmanyam,  Vishala"
Daddy Katha Vinava,Uugadi," S.V. Krishna Reddy,  Unni Krishnan,  Sunitha"
Jumbaye,Kshana Kshanam," Sirivennela Seetharama Sastry,  M. M. Keeravani,  Mano,  K. S. Chithra"
Chi Chi CHi,Nuvvu Leka Nenu Lenu," R. P. Patnaik,  Usha,  Lenina"
Dhin Dhin Dhinak,Manasantha Nuvve," R.P. Patnaik,  Mahalakshmi Iyer"
Guppu Guppu,Rakshana (Original Motion Picture Soundtrack)," Seetharama Shastry,  S.P.Balasubramanyam,  Chitra"
Ventapaduthundhi,Vaana," Kamalakar,  K. S. Chithra"
Suvvi Suvvi Suwala,Pellikanuka," M.M. Keeravani,  S.P. Balasubrahmanyam,  Malgudi Shubha"
Gopilola,Ladies Tailor," S.P. Balasubrahmanyam,  S.P. Sailaja"
Nalo Nenu Lene,Avunu Validdharu Istapaddaru," Chakri,  Kausalya,  Sandeep"
Alupannadi,Gayam, Chitra
Allei Allei,Cheliyaa," A.R. Rahman,  Abhay Jodhpurkar,  Chinmayi"
Aagipo Baalyama,Mahanati, Ramya Behara
Arare Pasi Manasa,Krishnam Vande Jagathgurum," Mani Sharma,  Sravana Bhargavi,  Narendra"
Khadgam,Khadgam," Devi Sri Prasad,  S.P. Balasubrahmanyam"
Ku Ku Ku,Ninne Ishtapaddanu," R.P. Patnaik,  K. S. Chithra,  S.P. Balasubrahmanyam"
Ooranta Utsavam,Chennakesava Reddy," Mani Sharma,  S.P. Balasubrahmanyam,  Sujatha Mohan"
Dhindhirana,Eeswar (New)," Rajesh Krishnan,  Singer Usha"
Artha Sathapadu,Sindhooram, S.P. Balasubrahmanyam
Rock And Roll,Pournamy, Devi Sri Prasad
Nathora Thamashala,Ninne Pelladatha," Sanjeev Wadhwani,  Sujatha Mohan"
Preminchava,Aaro Pranam," S.P. Balasubrahmanyam,  K. S. Chithra,  Annupamaa"
Inthe Ee Prema Varasa,Manasicchi Choodu," Mani Sharma,  S.P. Balasubrahmanyam,  Sujatha Mohan"
Innallu,Eeswar (New)," Rajesh Krishnan,  Singer Usha"
Just Do It,Bhadra," Devi Sri Prasad,  Tanvi Shah,  Timmy"
Maagha Maasavela,Ela Cheppanu," Koti,  Udit Narayan,  Shreya Ghoshal"
Thanemando,Ganesh (New)," Mickey J Meyer,  Javed Ali"
Solo Brathuke So Better (Title Song),Solo Brathuke So Better," Thaman S,  Vishal Dadlani"
Kalalalo Nuvve,Chirujallu," Vandemataram Srinivas,  Udit Narayan,  Kavita Krishnamurthy"
Aadhi Bikshuvu,Sirivennela, S.P. Balasubrahmanyam
Sarasakura Dora,M. Dharmaraju M.A.," Raj-Koti,  S.P. Balasubrahmanyam,  Malgadi Shubha"
Kolu Kolu Koyilamma,Number One (Original Motion Picture Soundtrack)," Jonnuvittula,  S.P.Balasubramanyam,  Chitra"
Chilipi Chilaka I Love You,Allari Primikudu (Original Motion Picture Soundtrack)," Veturi,  S.P.Balasubramanyam,  Chitra"
Chumantra Kaali,Maayalodu (Original Motion Picture Soundtrack)," Seetharama Shastry,  S.P.Balasubramanyam"
Pudunne Puttindi,Satruvu," S. Janaki,  S. P. Balasubrahmanyam"
Kannu Kannu,Premaku Velayera," S.V. Krishna Reddy,  K. S. Chithra,  Srinivas"
Tala Talamani,Kalusukovalani," Devi Sri Prasad,  Harini,  S.P. Charan"
Nelanadiga,Priyamainaneeku," Shivashankar,  S.P. Balasubrahmanyam"
Andamaina,Number One (Original Motion Picture Soundtrack)," Jonnuvittula,  S.P.Balasubramanyam,  Chitra"
Anthe Kada Mari,Lover," Ankit Tiwari,  Jonita Gandhi"
Kori Kori Kaluthundi,Rowdy Alludu," S.P. Balasubrahmanyam,  Chitra"
Mogali Podalu,Chandralekha," Sandeep Chowta,  Rajesh Krishnan,  Sujatha Mohan"
Podham,Oopiri," Haricharan,  Gopi Sunder"
Hai Rama,Rangeli," Hariharan,  Swarnalatha"
Panchavannela,Subhakankshalu," Mano,  Sujatha Mohan"
Nenu Thaanani,Oh My Friend," Rahul Raj,  Ranjith"
Manchu Thakina,Ela Cheppanu," Koti,  Mallikarjun"
Indiramma,Mahathma, S P Balasubrahmanyam
Nuvemichavo,Oopiri," Vijay Prakash,  Gopi Sunder"
Ee Chempaku Selaveeyaku,Donga Mogudu," S.P. Balasubrahmanyam,  P. Susheela"
Nee Pedavulatho,Srimathi Vellostha," Koti,  S.P. Balasubrahmanyam,  K. S. Chithra"
Toli Adugaina Padalede,Snehitudu, Aalap Raju
Oohalevo Rege,Antham," Mano,  Kavitha Krishnamurthy"
Nijamante,April 1st Vidudala," Ilaiyaraaja,  Mano"
Ohori Nayano,Trinethrudu," Raj-Koti,  K. S. Chithra,  Mano"
Chinni Padala,Preminchedi Endukamma," Ilaiyaraaja,  S.P. Balasubrahmanyam"
Theli Manchu,Swathi Kiranam, Vani Jayaram
Sye Raa,Syeraa Narasimha Reddy," Sunidhi Chauhan,  Shreya Ghoshal"
Maattekki Thooge,Bavagaru Bagunnara," S.P. Balasubrahmanyam,  Febi"
Kavali Kavali,Mogudu," B. Babushankar,  Swapna Madhuri,  Babushankar"
Mellaga Mellaga - Female,Asha Asha Asha, K. S. Chithra
Nuvvu Nenu Jattu,Oh My Friend," Rahul Raj,  Benny Dayal"
Ammaho,Kantri," Mani Sharma,  K. S. Chithra,  Karthik"
Chesededo,Mukunda," Rahul Nambiar,  Revanth"
Parugulu Thiy,Maryada Ramanna, S P Balasubrahmanyam
Needhe Needhe,Gopala Gopala, Sonu Nigam
Hayamma Hayamma,Ladies Tailor," S. Janaki,  S.P. Balasubrahmanyam"
Dholare Dhamadam,Vaana," Kamalakar,  Ranjith"
Ninne Pellade,Ninne Pelladatha," Jikki,  Sowmya,  Ramakrishna,  Sandip,  Rajesh Krishnan,  Balaram"
Oho Cheliya,Anaganaga Oka Roju," Mano,  K. S. Chithra"
Maimarupaa,Cheliyaa," A.R. Rahman,  Shashaa Tirupati"
Nemmadi Nemmadi,Gowri," Koti,  Sunitha,  Sandep"
Kotaloni Rani,Eeswar (New)," Lenina Chowdary,  Rajesh Krishnan,  Singer Usha,  Nihal Konduri,  Kousalya"
Nagaram,Adavi Ramudu," Mani Sharma,  Mallikarjun"
Vaye Janmalu,Priyamainaneeku," Shivashankar,  S.P. Balasubrahmanyam"
Ela Entha Sepu,Sasirekha Parinayam," Mani Sharma,  Rahul Nambiar"
Ghataina Prema Ghatana,Bhairava Dweepam," Madhavapeddi Suresh,  K. S. Chithra,  S.P. Balasubrahmanyam"
Oh Manasa Thondara,Oka Chinna Maata," Bharadwaj,  K. S. Chithra,  S.P. Balasubrahmanyam"
Cool &amp; Lovely,Johnny, Ramana Gogula
Are Inka Jinka,Dharma Kshetram," Ilaiyaraaja,  S.P. Balasubrahmanyam,  S. Janaki"
Chinnataname,Prati Roju Pandaage, Vijay Yesudas
Yentha Yentha Vintha,Bhairava Dweepam," Madhavapeddi Suresh,  S.P. Balasubrahmanyam,  Sandya"
Bad Bad Boy,Josh, Ranjith
Nuvvu Yevvari Edhalo,Malleswari, S. P. Balasubrahmanium
Rivvuna Egire Guvva,Janaki Weds Sriram, S.P. Balasubrahmanyam
Ninnala Monnala,Chirunavvuto," Mani Sharma,  S.P. Charan"
Inka Yedo Kaavalantu,Ninne Pelladatha," Hariharan,  Sowmya"
Naaku Nuvvu,Naani," A.R. Rahman,  Poornima,  Hariharan"
Lovely Lakumuki,Trinethrudu," Raj-Koti,  S. Janaki,  S.P. Balasubrahmanyam"
Veyyinokka Jillala Varaku,Surya IPS," Ilaiyaraaja,  S.P. Balasubrahmanyam"
Anathineeyara,Swathi Kiranam, Vani Jayaram
Ninnu Choodugaane,Allari Primikudu (Original Motion Picture Soundtrack)," Veturi,  S.P.Balasubramanyam,  Chitra"
Class Room Lo,Gulabi, Hariharan
O Kala Kannadi,Tajmahal," K. S. Chithra,  S. P. Balasubrahmanyam"
Goo Gumma,Pavitra Prema," Koti,  K. S. Chithra,  S.P. Balasubrahmanyam"
Poruginti Mangala Gowri,Subhalagnam," S.V. Krishna Reddy,  S.P. Balasubrahmanyam,  K. S. Chithra"
Ide Manchi Roju,Pelli Pandiri," Vandemataram Srinivas,  S.P. Balasubrahmanyam,  Sujatha Mohan"
Urime Megham,Modati Cinema," Swaraj,  Sonu Nigam,  K. S. Chithra"
Innallu Yemabbullo,Uugadi," S.V. Krishna Reddy,  Unni Krishnan"
Thaddinaka Thappadika,Rowdy Alludu," S.P. Balasubrahmanyam,  Chitra"
Vyshnavi Bhargavi,Swathi Kiranam, Vani Jayaram
Eenati Varaku,Sontham," Devi Sri Prasad,  Sumangali"
Baagunnave,Rukmini," S.P. Balasubrahmanyam,  K. S. Chithra"
Yaayire,Rangeli, S. Janaki
Muvvante Myna,Vaana," Kamalakar,  Mallikarjun"
Porapatidhi,Ladies Tailor," S. Janaki,  S.P. Balasubrahmanyam"
Ye Janmamo,Rakshana (Original Motion Picture Soundtrack)," M.M.Keeravani,  Veturi,  Chitra"
Morethukochindhi,Cheliyaa," A.R. Rahman,  A.R. Reihana,  Tipu,  Nikhita Gandhi"
Naanu IASsu Maga,Naanu IASsu Maga, Sirivennela
Kalyanam Kanundhi,Antahpuram, K. S. Chithra
Jingu Jingu Cheera,Lorry Driver," S.P. Balasubrahmanyam,  Chitra"
Arere Dada Petti,Janaki Ramudu," K. V. Mahadevan,  S.P. Balasubrahmanyam,  P. Susheela"
Mayya Mayya,Paisa," Sai Kartheek,  Vijay Prakash"
Oh Chinadana,Oh Chinadana," Vidhya Sagar,  Devashish"
Aho Priya,Bombai Priyudu," S.P. Balasubrahmanyam,  Chitra"
Unnatta Lenatta,Vaana," Kamalakar,  Ranjith"
Nuvvu Nenu Anthe,Krishnashtami," Vijay Prakash,  Ramya Behara"
Bangaru Bomma,Gillikajjalu," S.P. Balasubrahmanyam,  K. S. Chithra"
Veyyinokka,Ravanasura, Anurag Kulkarni
Shiva Poojaku,Swarna Kamalam," S. P. Balasubrahmanyam,  P. Susheela"
Gudu Gudu Guncham,Ravoyi Chandamama," Mani Sharma,  Sukhwinder Singh,  Lalitha Sagari,  Smitha (Nivedhitha)"
Pelli Pandhiri,Shailaja Reddy Alludu, Vijay Yesudas
Ayyo Ayyo,Bobbili Raja," Ilaiyaraaja,  S.P. Balasubrahmanyam"
Chuttu Pakkala,Rudraveena," Ilaiyaraaja,  S.P. Balasubrahmanyam"
Evaraina Chustuntara,Anukokunda Oka Roju, Smita
O Kaalama,Hitler, K.J. Yesudas
Intikeldam Padavammo,Aavida Maa Aavide," Sri,  K. S. Chithra,  Swarnalatha,  S.P. Balasubrahmanyam"
Auditorium Music Bit,Nee Sneham, R.P. Patnaik
Mellaga Mellaga - Male,Asha Asha Asha," P. Unnikrishnan,  Annupamaa"
Viche Chirugali (Female),Naalo Vunna Prema," Koti,  K. S. Chithra"
"Chukkallara, Part-2",Apathbhandavudu," S.P. Balasubrahmanyam,  Chitra"
Chummade Chummade,Aavida Maa Aavide," Sri,  Poornima,  Rajesh Krishnan"
Evvariki,Josh," Ujjaini Mukherjee,  Rahul Vaidya"
Neethone,Rudraveena," Ilaiyaraaja,  K.J. Yesudas"
Eppudo,Sontham," Devi Sri Prasad,  Mallikarjun"
Nee Raaka Kosam,Yatra, Shankar Mahadevan
Okka Saari Kindiki Raa,Kalasinaduddam," S.A. Raj Kumar,  Hariharan,  Sujatha Mohan"
Noraara Pilichina,Preminche Manasu Alludugaru Vachcharu Telugu," M. M. Keeravani,  S.P. Balasubrahmanyam"
Chekkera,Naani," A.R. Rahman,  S.P. Balasubrahmanyam,  Sujatha Mohan"
Cheppalani,Rudraveena," Ilaiyaraaja,  S.P. Balasubrahmanyam"
Hello Guru,Criminal (Original Motion Picture Soundtrack)," Vennelakanti,  S.P.Balasubramanyam,  Chitra"
Spicy Spicy Girl,Krishnam Vande Jagathgurum," Mani Sharma,  Hemachandra,  Sravanabhargavi"
Putthadi Bommanti,Ooyala," S.V. Krishna Reddy,  S.P. Balasubrahmanyam,  Sunitha,  Upadrasta"
Odhante Vinade,Bobbili Raja," Ilaiyaraaja,  S. Janaki,  S.P. Balasubrahmanyam"
Paisa Paisa,Paisa," Sai Kartheek,  Ranjith,  Rahul Nambiar,  Karthik Kumar"
Gundello,Kotha Janta," J.B. (Jeevan Babu),  Haricharan"
Chemma Chekka Chemma Chekka,Azad," Mani Sharma,  K. S. Chithra,  S.P. Balasubrahmanyam,  Sujatha Mohan"
Gokula Krishna,Gokulamlo Seetha," S.P. Balasubrahmanyam,  Chitra"
Abbanee Pattentha,Lorry Driver," S.P. Balasubrahmanyam,  Chitra"
Sirisiri Muvvalu,Ganesh, S. P. Balasubrahmanyam
Cheppaka Thappaduga,Nenu Meeku Thelusa," Achu,  Sunitha Sarathy"
Attention Everybody,Coolie No. 1, S.P. Balasubrahmanyam
"O Prema, Part 1",Manasunna Maaraju," Sonu Nigam,  Vandemataram Srinivas"
Yedho Yedho-2,Sasirekha Parinayam," Mani Sharma,  Saindhavi"
Priyuraali,Aaha, Vandemataram Srinivas
Onamalu Nerpalani,Iddaru Iddare, S. P. Balasubrahmanyam
Nuvvu Nijam,Manasu Maata Vinadhu," Sree Kalyanramana,  Sunitha"
Lokasamastha,Yuvasena," Sandeep,  Jassie Gift"
Kondameda,Pandaga," M. M. Keeravani,  K. S. Chithra,  S.P. Balasubrahmanyam"
Chanda O Chanda,Panchadara Chilaka, S.P. Balasubrahmanyam
Okkate Aasa,April 1st Vidudala," Ilaiyaraaja,  K. S. Chithra,  Mano"
Chempala Kempula,Trinethrudu," Raj-Koti,  S. Janaki,  S.P. Balasubrahmanyam"
Neeku Naaku,Rakshana (Original Motion Picture Soundtrack)," Seetharama Shastry,  Malgudi Subha"
Dream Girl,Gulabi," Suresh Peters,  Suchitra Krishnamoorthi"
Kurisindi Chirujallu,Chirujallu," Vandemataram Srinivas,  Udit Narayan,  Vishala"
Divvidivvi,Chandralekha," Sandeep Chowta,  Saumya,  Sujatha Mohan"
Nee Parichayamutho,Choosi Choodangaane (Original Motion Picture Soundtrack)," Sid Sriram,  Ananth Sriram"
Ninghi Nela Oouyala,Gillikajjalu," S.P. Balasubrahmanyam,  K. S. Chithra"
Siggoo Poobanthi,Swayam Krishi," S.P. Balasubrahmanyam,  S. Janaki,  S.P. Shailaja"
Ecstacy Privacy,Sitha Rama Raju," M. M. Keeravani,  K. S. Chithra"
Okkasari Okkasari,Chandralekha," Sandeep Chowta,  Srinivas Chakravarthi"
Ennallako Ila Vennane Koyila,Maa Aavida Meeda Ottu Mee Aavida Chala Manchidi," Sirivennela Sitaramasastri,  Chandrabose,  Srinivasa Murthy,  S. P. Balasubrahmanyam,  K. S. Chithra"
Baby Aagodhu,Oopiri," Shankar Mahadevan,  Gopi Sunder"
Dandalayya Undralayya,Mooshika Vahana," Ilaiyaraaja,  S.P. Balasubrahmanyam"
Jye Jye Mahakaya,Muddula Priyudu," M. M. Keeravani,  S.P. Balasubrahmanyam"
Rangeli Holi,Chakram," Chakri,  Shankar Mahadevan"
Sapuduayani Cheyaledu,Satya," Mano,  Swarnalatha"
Jariginadanta Nijamani,Ooyala," S.V. Krishna Reddy,  K. S. Chithra,  S.P. Balasubrahmanyam"
ABC Daatindo Ledo,Vamsi, Shankar Mahadevan
Olammo Olammo,Eeswar (New)," Singer Usha,  R.P. Patnaik"
Natukottudu,Trinethrudu," Raj-Koti,  S. Janaki,  S.P. Balasubrahmanyam"
Slowly Slowly,Rowdy Alludu," S.P. Balasubrahmanyam,  Chitra"
Koluvye Unnade,Swarna Kamalam," S. P. Balasubrahmanyam,  P. Susheela"
Sahasame Cheyyara,Chandralekha," Sandeep Chowta,  S.P. Balasubrahmanyam"
Thallipegu Chudu Ela,Narappa," Saindhavi,  Mani Sharma"
Koka Raika,Seemasimham," Mani Sharma,  S.P. Balasubrahmanyam,  Kavita Krishnamurthy"
Kolo Kolanna Kolo,Tuck Jagadish," Armaan Malik,  Harini Ivvaturi,  Sri Krishna,  Thaman S"
Aksharaalu Rende,Abbaigari Pelli," Koti,  S.P. Balasubrahmanyam"
I Love You,Ninne Ishtapaddanu," R.P. Patnaik,  Kausalya,  S.P. Charan"
Godari Revulona,Rukmini, Sujatha Mohan
Chittikoona ( Pathos ),Maa Aayana Bangaram," Vandemataram Srinivas,  K.J. Yesudas"
Shivamethara Sambayya,Antahpuram, Shankar Mahadevan
Thattaha Thattaha,Aavida Maa Aavide," Sri,  S.P. Balasubrahmanyam,  Sujatha Mohan"
Inthakante Vere,Oohalu Gusagusalade, Hemachandra
He Papa,Trinethrudu," Raj-Koti,  Jojo,  S.P. Balasubrahmanyam"
Premante Nijamga,Govinda Govinda," S.P. Balasubrahmanyam,  K. S. Chithra"
Ee Bomma Naa Kosam,Gandhi," Mani Sharma,  K. S. Chithra,  S.P. Balasubrahmanyam"
Nieto Vellipoidi (Party Mix),Ninne Pelladatha, S.P. Balasubrahmanyam
Sarele Vooruko,Little Soldiers, Sri
Pedavullo Pepsicola,Shriraam, R.P. Patnaik
Aa Navvulo Emunnado,Ela Cheppanu," Koti,  Karthik"
Ekasekatatha,Sitha Rama Raju," M. M. Keeravani,  S.P. Balasubrahmanyam,  Sujatha Mohan"
Vayasu Sogasu Kalisina Vela,Naari Naari Naduma Murari," S.P. Balasubrahmanyam,  P. Susheela"
Vuylala Vuylala,Sitha Rama Raju, M. M. Keeravani
I Am A Very Good Girl,Little Soldiers," S.P. Balasubrahmanyam,  Deepika,  Vishnukanth"
Sriman Mahalakshmi,Diwali Special, Baby Kalpana
O Naa Priyatama,Naalo Vunna Prema," Koti,  K. S. Chithra,  Mano"
Ooru Erayyindi Eru Horettindi,Kanche, Shankar Mahadevan
Natarajane,Swarna Kamalam, S.P. Sailaja
Veri Manasa,Jodi," A.R. Rahman,  K. S. Chithra,  S.P. Balasubrahmanyam"
Ayyare Ayyare,Bhalevadivi Basu," Mani Sharma,  K. S. Chithra,  S.P. Balasubrahmanyam"
Cheri Yasodaku,Swarna Kamalam, S.P. Sailaja
Sakhike,Swarna Kamalam, P. Susheela
Choosthunna,Mogudu," B. Babushankar,  Karthik"
Bodi Chadhuvulu,Manasicchi Choodu," Mani Sharma,  Mano,  Murali,  Teja"
Abbani Entha Debbani,Coolie No. 1," S.P. Balasubrahmanyam,  Ilaiyaraaja"
Randi Randi,Rudraveena," Ilaiyaraaja,  Mano,  S.P. Sailaja"
Jama Jama Jama,Criminal (Original Motion Picture Soundtrack)," Seetharama Shastry,  S.P.Balasubramanyam,  Chitra,  Sujatha Mohan"
Vellipothe Elaa,Okariki Okaru," M. M. Keeravani,  Shreya Ghoshal"
Merise Tharalone,Sirivennela, S.P. Balasubrahmanyam
Andhamaina,Srimathi Vellostha," Koti,  K.J. Yesudas"
Ooh Andi Pilla,Gokulamlo Seetha," Muralidhar,  Swarnalatha"
Ninu Choosina,Hai," Sandeep,  Sujatha Mohan"
Konaseema Kurradanirro,Navvuthu Bathakalira," Devi Sri Prasad,  K. S. Chithra,  S.P. Balasubrahmanyam"
Spider Man,Naani," A.R. Rahman,  Kunal Ganjawala,  Poornima"
"O Prema, Part 2",Manasunna Maaraju," Rajesh Krishnan,  Vandemataram Srinivas"
Maanava Seva,Rudraveena," Ilaiyaraaja,  K.J. Yesudas"
Shivani Bhavani (Female),Swathi Kiranam, Vani Jayaram
Yenthanga Undho,Uugadi," S.V. Krishna Reddy,  Unni Krishnan,  Sunitha"
Enduko Madi,Nenu Meeku Thelusa," Achu,  Hemachandra,  Bombay Jayashri"
Ee Gaali Ee Nela,Pellikanuka," M.M. Keeravani,  K. S. Chithra"
Thelavarademo (Female),Sruthilayalu," K. V. Mahadevan,  P. Susheela"
Tulasi Dalamulache,Rudraveena," Ilaiyaraaja,  K.J. Yesudas"
Bhangaru Bommaku,Pellikanuka," Bhanumathi Ramakrishna,  M.M. Keeravani,  S.P. Balasubrahmanyam"
No Problem,Love Birds," A.R. Rahman,  Appaci Indian"
O Manmadha,Vijayendra Varma," Koti,  Udit Narayan,  Shreya Ghoshal"
Saradaga Samayam,Vamsaniki Okkadu," Koti,  S.P. Balasubrahmanyam"
Two In One,Aavida Maa Aavide," Sri,  S.P. Balasubrahmanyam,  Sujatha Mohan,  Anuradha Sriram"
Rangula Taraka,Ela Cheppanu," Koti,  Karthik,  Sunitha"
Neeru Leni Nadilo,Panchadara Chilaka, Rajesh Krishnan
Maa Thandri Suryuda,Suryudu, K.J. Yesudas
Nuvante Chala Istam,Ravanna," S.A. Raj Kumar,  K. S. Chithra,  Rajesh Krishnan"
Rosa Rosa Rosa,Rajahamsa," M.M. Keeravani,  K. S. Chithra"
O Naa Maina,Hello Alludu," Raj-Koti,  K. S. Chithra,  S.P. Balasubrahmanyam"
Inthakante,Oohalu Gusagusalade, Karunya
Manninchamma,Pellikanuka," M.M. Keeravani,  S.P. Balasubrahmanyam"
Neeli Kanumallo,Nawab," A.R. Rahman,  Nakul Abhyankar"
Life Of Ram - Lofi Mix,"Life Of Ram - Lofi Mix (From ""Jaanu"")", Pradeep Kumar
Music Bit (Thillana),Eeswar (New),
Manasedo Vethukuthu Undi,Devadas," Yazin Nizar,  Anurag Kulkarni"
Changu Bala Bagundi,Number One (Original Motion Picture Soundtrack)," Seetharama Shastry,  S.P.Balasubramanyam,  Chitra"
Anukunnana Enadyna,Panchadara Chilaka, S.P. Balasubrahmanyam
Nee Choopu Chalamma,Preminche Manasu Alludugaru Vachcharu Telugu," S.A. Rajkumar,  Rajesh Krishnan"
Pellantune Vedekkinde Gaali,Naari Naari Naduma Murari," S.P. Balasubrahmanyam,  P. Susheela"
Neetho Vunte,Josh, Karthik
Suvvi Suvvi Suwala (Female Version),Pellikanuka," M.M. Keeravani,  K. S. Chithra"
Evarini Aadagali,Janaki Ramudu," K. V. Mahadevan,  S.P. Balasubrahmanyam,  P. Susheela"
Changre Hangaama,Prema Katha," Sandeep Chowta,  Soumya Rai"
Banthi Laanti Banthayi,Allari Primikudu (Original Motion Picture Soundtrack)," Vennelakanti,  S.P.Balasubramanyam,  Chitra"
Sirivennela - Lofi,Sirivennela - Lofi," Anurag Kulkarni,  S VIII"
Awaara,Josh, Soumya Rai
Nee Chenthe Oka,Swarabhishekam," Vidhya Sagar,  K. S. Chithra,  Mano"
Nijamenani Nammani,Kanche, Shreya Ghoshal
Rama Chiluka Ragalu F,Sree Srimathi Satyabhama," K. S. Chithra,  S.V. Krishna Reddy"
Mounamenduke Koila,Panchadara Chilaka, S.P. Balasubrahmanyam
Em Papa,M. Dharmaraju M.A.," Raj-Koti,  K. S. Chithra,  S.P. Balasubrahmanyam"
Vinudu Vinudu,Sitha Rama Raju," M. M. Keeravani,  Nagarjuna,  Srivalli"
Thidathara Kodathara,Ashta Chamma, Sreerama Chandra
Nammalo Ledo..,Ashta Chamma," Sreerama Chandra,  Manasa Veena"
Chinnari Manasuku,Sankalpam," Koti,  K. S. Chithra,  S.P. Balasubrahmanyam"
Patallo,Sirivennela," P. Susheela,  N.S. Prakash Rao"
Kammani Kantireppala,Pellikanuka," M.M. Keeravani,  K. S. Chithra,  S.P. Balasubrahmanyam"
Chettumedhi Usiri,Taraka Ramudu," Koti,  S.P. Balasubrahmanyam"
Papiki Papiki,Criminal (Original Motion Picture Soundtrack)," Seetharama Shastry,  S.P.Balasubramanyam,  Chitra"
Sontham,Sontham," Devi Sri Prasad,  Tippu"
Gala Gala Paare,Srimathi Vellostha," Koti,  K. S. Chithra,  S.P. Balasubrahmanyam"
Kokkarako,Prema Katha," Sandeep Chowta,  Rajesh Krishnan"
Dandalandi Kotha,Taraka Ramudu," Koti,  K. S. Chithra,  Krishnam Raju"
Prathi Okariki Tholi,Oka Chinna Maata," Bharadwaj,  K. S. Chithra,  S.P. Balasubrahmanyam"
Pada Pada Padara,Premaku Velayera," S.V. Krishna Reddy,  S.P. Balasubrahmanyam,  Anuradha Sriram"
Prema Devinchuma,Nenu Premisthunnanu," Sirpi,  Mano"
Swapnalanu,Yuvasena," Jassie Gift,  Sandeep"
Avuno Teliyadu,Entha Manchivaadavuraa, Shreya Ghoshal
Nee Kokakintha,Donga Mogudu," S.P. Balasubrahmanyam,  S. Janaki"
Pekallo Jokerla,Assembly Rowdy," K. V. Mahadevan,  S.P. Balasubrahmanyam,  K. S. Chithra"
Agiripove Ramachilaka,Panjaram," Raj,  M.M. Sreelekha"
Ekimeedaa,Gautamiputra Satakarni," Udit Narayan,  Shreya Ghoshal"
Na Kanne Hamsa,Jodi," A.R. Rahman,  Rafi"
Naalo Innalluga,Sridevi Soda Center," Dinker,  Ramya Behara"
Chhamaku Chhamaku,Antahpuram," Mano,  Swarnalatha"
Rama Chiluka Ragalu M,Sree Srimathi Satyabhama," S.P. Balasubrahmanyam,  S.V. Krishna Reddy"
Pandu Vennelo Ee Venu Gaanam,Janaki Weds Sriram, Tina Kamal
Ee Parikshalo Thannaku,Greekuveerudu," Thaman S,  Haricharan,  Vandhana"
Manasa Yenduku Kanniru,Vazram," S.V. Krishna Reddy,  S.P. Balasubrahmanyam,  Renuka,  Srilatha"
Chilipi Chirugali,Dongaata," Bharadwaj,  K. S. Chithra,  S.P. Balasubrahmanyam"
Prema O Prema,Gokulamlo Seetha, S.P. Balasubrahmanyam
Ninnu Choosi,Maa Nanna Ki Pelli," Koti,  S.P. Balasubrahmanyam,  Sujatha Mohan"
O Vendi Vennela,Little Soldiers, Srilekha
Kanivini Erugani,Kanyadhanam," Koti,  S.P. Balasubrahmanyam"
Yedo Tahaa Tahaa,Anaganaga Oka Roju," Mano,  Swarnalatha"
Ji Jjinaka Jinkara,Surya IPS," Ilaiyaraaja,  S. Janaki,  S.P. Balasubrahmanyam"
Oho Bhama,Top Hero (Original Motion Picture Soundtrack)," Jonnuvittula,  S.P.Balasubramanyam,  Chitra"
"Gummadi Gummadi (From ""Daddy"")",Priyamaina Nannaku, Hariharan
Podde Erugani,Gokulamlo Seetha, Chitra
Prema Sangati Emito,Prema Katha," Sandeep Chowta,  Soumya Rai"
Aakalakalaka,Mogudu," B. Babushankar,  Chinmayi Sripada,  Hemachandra"
Vunnamata,Rukmini," S.P. Balasubrahmanyam,  K. S. Chithra"
Chaitrama Raa,Pavitra Prema," Koti,  K. S. Chithra,  S.P. Balasubrahmanyam"
Aathmathvam,Swarna Kamalam, S. Janaki
Hey Paaru,Galipatam," Bheems Ceciroleo,  Adnan Sami,  Shreya Ghoshal"
Eppudaithe Puttindo,Paisa," Sai Kartheek,  Krishna Vamsi,  Vitthal,  Venugopal,  Dhanraj,  Tagubothu Ramesh,  Chandra Bhushan"
Ramanama Mentho,Maa Aavida Collector," Vandemataram Srinivas,  K. S. Chithra,  S.P. Balasubrahmanyam"
Thalli Dhandaale,Lorry Driver," S.P. Balasubrahmanyam,  Chitra"
Udatha Udatha,Maayalodu (Original Motion Picture Soundtrack)," Seetharama Shastry,  S.P.Balasubramanyam"
Manasaina,Aaha," Vandemataram Srinivas,  Srinivas"
Navvindi Malle Chandu,Kallu, Sesha Girisham
Andaralaga,Kudirithe Kappu Coffee," Yogeshwara Sharma,  K. S. Chithra"
Hai Hai Venelamma,Taraka Ramudu," Koti,  S.P. Balasubrahmanyam"
Paara Hushar,Swayam Krishi," S.P. Balasubrahmanyam,  S. Janaki"
Gallamundi Bosu,Rakshana (Original Motion Picture Soundtrack)," Seetharama Shastry,  S.P.Balasubramanyam,  Chitra"
Chittikoona ( Happy ),Maa Aayana Bangaram," Vandemataram Srinivas,  S. Janaki,  S.P. Balasubrahmanyam"
Oppuko Sundari,M. Dharmaraju M.A.," Raj-Koti,  Mano"
Neerugari Paripoku,Chettu Kinda Pleader," S.P. Balasubrahmanyam,  K. S. Chithra"
Thummeda Thummeda,Bawa Bawa Panneeru, K. S. Chithra
Kundanapu Bommaki,Sitha Rama Raju," M. M. Keeravani,  S.P. Balasubrahmanyam,  S.P.Sailaja"
Kuyile Kuyile,Vazram," S.V. Krishna Reddy,  K. S. Chithra,  S.P. Balasubrahmanyam"
Vayari Bhama - Official Remix,"Vayari Bhama - Official Remix (From ""Thammudu"")", Ramana Gogula
Hey Vastaava,Aavida Maa Aavide," Sri,  Anuradha Sriram"
E Ragamundi,Manasulo Maata, S. P. Balasubrahmanyam
Polimeradhatipothunna,Sirivennela," S.P. Balasubrahmanyam,  B. Vasantha"
Thalayetthi,Mahathma, S P Balasubrahmanyam
Undi Undi Urimindi,Panchadara Chilaka, S.P. Balasubrahmanyam
Rangu Rangu Rekkala,Preminche Manasu Alludugaru Vachcharu Telugu, M. M. Keeravani
Maatatho Cheppalani,Bhale Mavayya," Raj-Koti,  K. S. Chithra,  S.P. Balasubrahmanyam"
Bagundhammo,Pandaga," M. M. Keeravani,  K. S. Chithra,  Mano"
Chakravarthiki Veedi,Money, S.P. Balasubrahmanyam
Shivani Bhavani (Male),Swathi Kiranam, S.P. Balasubrahmanyam
Jaamurathri,Top Hero (Original Motion Picture Soundtrack)," Jonnuvittula,  S.P.Balasubramanyam,  Chitra"
Mudante Vadante,Criminal (Original Motion Picture Soundtrack)," Vennelakanti,  S.P.Balasubramanyam,  Chitra"
Tajmahalani,Chandralekha," Sandeep Chowta,  Rajesh Krishnan,  Sunitha"
Ko Ante Koti,Kshana Kshanam," Sridevi,  Sirivennela Seetharama Sastry,  M. M. Keeravani,  S. P. Balasubrahmanyam"
Prakruthi Kanthaku,Sirivennela, S.P. Balasubrahmanyam
O Vendi Vennela Male Version,Little Soldiers," Ram Chakravarthy,  Vishnukanth"
Manasuna,Gokulamlo Seetha," Chitra,  Malgudi Shubha"
Adugadugunaa,Okkadunnadu, M. M. Keeravani
Bamchiki Bam Bam,Allari Mogudu, Chitra
Prema Modhalaite,Suprabhatam, S.P. Balasubrahmanyam
Neeke Nuvvu,Modati Cinema," Swaraj,  Shreya Ghoshal"
Love Is Blind,Anaganaga Oka Roju," Mano,  K. S. Chithra"
Jaliga Jabilamma,Swathi Kiranam," Vani Jayaram,  K. S. Chithra"
Marugela,Preminche Manasu Alludugaru Vachcharu Telugu," M. M. Keeravani,  Hariharan"
Sanna Jaaji,Allari Primikudu (Original Motion Picture Soundtrack)," Seetharama Shastry,  S.P.Balasubramanyam,  Chitra"
Niggadeesi Adugu,Gayam, S.P. Balasubrahmanyam
O Paapa Muddu Paapa,Top Hero (Original Motion Picture Soundtrack)," Jonnuvittula,  S.P.Balasubramanyam"
Evarini Choosthu Unna,Oka Chinna Maata," Bharadwaj,  K. S. Chithra,  S.P. Balasubrahmanyam"
Sunday Sunday,Prema Katha," Sandeep Chowta,  K. S. Chithra,  Mano"
Enno Cheppalunkunna,Naalo Vunna Prema," Koti,  Hariharan,  Sujatha Mohan"
Oh Priya Neekosam,Suryudu, D. Saarangapaani
Sadicheyakamma,Taraka Ramudu," Koti,  S.P. Balasubrahmanyam"
Ooru Natta Naadivaaye,Narappa," Anurag Kulkarni,  Mani Sharma"
Amrutham Title Song,Amrutham Title Song, Kalyani Malik
Hello Pillo,Sisindhri," Raj,  K. S. Chithra,  S.P. Balasubrahmanyam"
Jeevinchu Prema,Pellikanuka," M.M. Keeravani,  K. S. Chithra,  Vandemataram Srinivas"
Maa Ille Chandranivasam,Gillikajjalu," S.P. Balasubrahmanyam,  K. S. Chithra"
Hello Antoo,Ashta Chamma," Srikrishna,  Sushma"
Hey Papa,Gokulamlo Seetha," Mano,  Malgudi Shubha"
Emoy Ninnenoy,Sitha Rama Raju," M. M. Keeravani,  S.P. Balasubrahmanyam,  S.P. Sailaja"
Mrignayanaa,Gautamiputra Satakarni," S.P. Balasubrahmanyam,  Shreya Ghoshal"
Konchem Agara,Asha Asha Asha," Hariharan,  Sujatha Mohan,  Annupamaa"
Atu Itu Chudake,Kalasinaduddam," S.A. Raj Kumar,  K. S. Chithra,  S.P. Balasubrahmanyam"
Oo Lele Oo Lele,Sindhooram," Malaysia Vasudevan,  Mohandas,  Srinivas Chakravarthi,  Srinivas"
Andhala Seemalo,Gokulamlo Seetha," Mano,  Chitra"
Aye Rukkamma Chukkamma,Chaala Bagundhi," Koti,  K. S. Chithra"
Allade Allade,Rayalaseema Ramanna Choudary," Mani Sharma,  Harini,  Hariharan"
Naari Jana Priyathama,Allari Primikudu (Original Motion Picture Soundtrack)," M.M.Keeravani,  S.P.Balasubramanyam,  Chitra"
Sarigamapadani,Rukmini," S.P. Balasubrahmanyam,  K. S. Chithra"
Ramudu Manchi,Taraka Ramudu," Koti,  S.P. Balasubrahmanyam"
Haire Haire,Panchadara Chilaka, Rajesh Krishnan
Choosthunna Fusion Mix,Mogudu," B. Babushankar,  Karthik"
Thelavarademo (Male),Sruthilayalu," K. V. Mahadevan,  K.J. Yesudas"
Prema Johaar,Hitler," Murali,  Mano"
Oorike Undade,Sindhooram, K. S. Chithra
Pillisthe Palukutanani,Pilisthe Palukutha, S.P. Balasubrahmanyam
Yedu Malleu Ettu Sukumari Ki,Sindhooram," Madhavapeddi Satyam,  Krishnam Raju,  Praveen"
Suprabhathamlo Melukunnana,Swapna Lokam, S. P. Balasubrahmanyam
Chaali Chalani Kulukulalona,Preminche Manasu Alludugaru Vachcharu Telugu," M. M. Keeravani,  K. S. Chithra,  P. Jayachandran"
Chilakamma,Asha Asha Asha," P. Unnikrishnan,  Anuradha Sriram"
Erra Errani Kurradhana,M. Dharmaraju M.A.," Raj-Koti,  K. S. Chithra,  S.P. Balasubrahmanyam"
Swapnala Venta Swargala Veeta,Dongaata," Bharadwaj,  S.P. Balasubrahmanyam"
Tango Kalalo,Cheliyaa," A.R. Rahman,  Hriday Gattani,  Tanvi Shah"
Kanule Vethike Veluge,Kanyadhanam," Koti,  K.J. Yesudas"
Bhadram Be Carefull,Money," Sri Maruthi,  Chakravarthi"
Raajaya Namaha,Rajendrudu Gajendrudu (Original Motion Picture Soundtrack)," Bhuvana Chandra,  S.P.Balasubramanyam"
Beedilu Thagandi,Top Hero (Original Motion Picture Soundtrack)," Seetharama Shastry,  S.P.Balasubramanyam,  Chitra"
Gopala Krishnudammaa,Naalo Vunna Prema," Koti,  K. S. Chithra,  Tippu"
Yeavaro Okaru,Ankuram," Hamsalekha,  S.P. Balasubrahmanyam,  K. S. Chithra"
Kanne Chiluka,Lorry Driver," S.P. Balasubrahmanyam,  Chitra"
Mounamendhuku,Classmates," Koti,  Mallikarjun,  Anjana Sowmya"
Ko Ko Kopama,Pandaga," M. M. Keeravani,  S.P. Balasubrahmanyam"
Prematho Ninu,Nenu Premisthunnanu," Sirpi,  K. S. Chithra,  Mano"
Entha Panjesindee,Dongodu," Vidhya Sagar,  Hariharan,  Sujatha Mohan"
Athala Vithala,Apathbhandavudu, S.P. Balasubrahmanyam
Chilipi Yatralaku,Aditya 369," Ilaiyaraaja,  K. S. Chithra,  S.P. Balasubrahmanyam"
Emo Emo Emoo,Devadas, P V N S Rohit
Kanne Paapa,Rakshana (Original Motion Picture Soundtrack)," M.M.Keeravani,  Chitra"
Emanukunna Emaina,Ooyala," S.V. Krishna Reddy,  S.P. Balasubrahmanyam"
Gundello Gudiganta,Gowri," Koti,  Mallikarjun,  Usha"
Hello Basu,Sisindhri," Raj,  Mano,  Muralidhar,  Kota Srinivasa Rao"
Raa Mundadugeddam,Kanche," Vijay Prakash,  Keerti Sagathia"
Sagatu Manishi,Ammo Okato Thareeku," Vandemataram Srinivas,  K.J. Yesudas"
Ottasi Cheppava,Aathma Bandham," S.P. Balasubrahmanyam,  Chitra"
Mellaga Lofi Mix,Varsham," S.P.Charan,  Sumangali"
Now or Never,Vedam (Original Motion Picture Soundtrack)," Ranjith,  Deepu,  Geetha Madhuri,  Chaitra"
Padana Gopala,Gayam," Mano,  Eeshwar,  Chitra"
Andari Mundara,Nenu Premisthunnanu," Sirpi,  K. S. Chithra,  S.P. Balasubrahmanyam"
Kaatuka Pittala,Uugadi, S.V. Krishna Reddy
Antarikshayanam,Antariksham 9000 KMPH," Kaala Bhairava,  Sirivennela Seetharama Sastry"
Kanchare Kanchare,Kalasinaduddam," S.A. Raj Kumar,  Hariharan,  Sujatha Mohan"
Viche Chirugali (Male),Naalo Vunna Prema," Koti,  S.P. Charan"
Chinkule Okkati,Pavitra Prema," Koti,  K. S. Chithra,  S.P. Balasubrahmanyam"
Kotraa Dappu,Bedurulanka 2012," Mani Sharma,  Prudhvi Chandra"
Together We Rock (Telugu),Rrr Ost Vol-7, M.M. Keeravaani
Hello Hello Darling,Swayam Krishi, S.P. Balasubrahmanyam
Matotundi Magada,Bava Nachadu," M. M. Keeravani,  Shankar Mahadevan,  Anuradha Sriram"
Diri Diri Diri Diridi,Manasulo Maata," Udit Narayan,  Sunanda Sharma"
Sreekaram Edi Maro Charithraki,Chaala Bagundhi," Koti,  Poornima,  Kalpana,  Parthasarathy"
Story Theme,Sri Seetharamula Kalyanam Chothamu Rarandi, M. M. Keeravani
Vunnamata Vinnavista,Sardukupodam Randi," S.V. Krishna Reddy,  Udit Narayan,  Sunitha"
Bommava Ammadu,Rajendrudu Gajendrudu (Original Motion Picture Soundtrack)," Seetharama Shastry,  S.P.Balasubramanyam,  Chitra"
Ashta Chamma Theme,Ashta Chamma, Sushma
Oopalaenaya,Anaganaga Oka Roju," Mano,  K. S. Chithra"
Prema Prema Chepama,Rukmini," S.P. Balasubrahmanyam,  K. S. Chithra,  Vidyasagar"
Mental Madhilo,OK Bangaram," A.R. Rahman,  K. Krishna Chaitanya,  Jonita Gandhi"
Segalu Chimmuthondhi,Nawab," A.R. Rahman,  Sunitha Sarathy,  Nakul Abhyankar,  Sathyaprakash D"
Jaago Narasimhaa Jaagore,Syeraa Narasimha Reddy," Shankar Mahadevan,  Haricharan,  Anurag Kulkarni"
Pelliki Mundu Oka Saari,Dharma Kshetram," Ilaiyaraaja,  S.P. Balasubrahmanyam,  S. Janaki"
Ninna Monna Maatho,Chelikaadu," S.A. Raj Kumar,  K. S. Chithra,  Sujatha Mohan"
Joru Joruga,Kshemmanga Velli Labamga Randi," Vandemataram Srinivas,  Sukhwinder Singh,  Nityasree"
Vayyari Bhama,Number One (Original Motion Picture Soundtrack)," Bhuvana Chandra,  S.P.Balasubramanyam,  Chitra"
Vishakapatnam Beechi,Doragaariki Donga Pellam," Koti,  S.P. Balasubrahmanyam"
Bhamaro Nanne Pyar  Karo,Ghatothkachudu," S.V. Krishna Reddy,  S.P. Balasubrahmanyam,  Swarnalatha"
O Dywama,Pavitra Prema," Koti,  K.J. Yesudas"
Pakka Commercial - Title Song,Pakka Commercial," Jakes Bejoy,  Hema Chandra"
Gundello Dhada Dhada,Antham," S.P. Balasubrahmanyam,  Chitra"
Ramachilakamma,Maa Aavida Meeda Ottu Mee Aavida Chala Manchidi," Sirivennela Sitaramasastri,  Chandrabose,  Srinivasa Murthy,  Srinivas"
Emitouthunnadhi,Ide Naa Modati Prema Lekha," Jeans Srinivas,  Swarnalatha"
O Chelli Anarakali,Sindhooram, Suresh Peters
Aiyayo,Rangeli," A.R. Rahman,  Annupamaa"
"Thalli Pegu (From ""Narappa"")","Thalli Pegu (From ""Narappa"")"," Saindhavi,  Mani Sharma"
Gunde Chatuga (Male),Classmates," Koti,  Hemachandra"
Tholisaari,Premante Pranamista," A.R. Rahman,  K. S. Chithra,  Unni Krishnan"
Pasvaado Emito,Sitha Rathnam Gari Abbaye, S.P. Balasubrahmanyam
Yeendaammo,Anaganaga Oka Roju," Mano,  Lalitha Sagari"
Athadilo Edo,Kudirithe Kappu Coffee," Yogeshwara Sharma,  Hamiska Iyer"
Bhaga Bhagamani,Kanche, Vijay Prakash
Endaka Egirevamma,Srinivasa Kalyanam," S.P. Balasubrahmanyam,  P. Susheela"
Ninne Premincha,Naa Hrudayamlo Nidurinche Cheli," Mano,  K. S. Chithra"
Manasaa Nannu Vadhili,Nawab," A.R. Rahman,  Anuradha Sriram,  Pooja Av,  Aparna Narayanan"
Parameshwarani,Apathbhandavudu, S.P. Balasubrahmanyam
Okate Kadhaa,Oke Oka Jeevitham (Original Motion Picture Soundtrack)," Gowtham Bharadwaj,  Krishna Kanth,  Jakes Bejoy"
Venavantra Abbai,Aaro Pranam," S.P. Balasubrahmanyam,  Jikki,  K. S. Chithra"
Athmatvam Girija,Sitha Rama Raju," M. M. Keeravani,  S.P. Balasubrahmanyam"
Gunde Chatuga (Female),Classmates," Koti,  Chaitra"
Kottandayya,Pokiri Raja, S.P. Balasubrahmanyam
Anaganaganaga Lofi Mix by Abhishek Martyn,Anaganaganaga Lofi Mix by Abhishek Martyn," Sirivennela Seetharama Sastry,  Thaman S,  Armaan Malik"
O Maina,Antham, Chitra
Yopam Pushpam,Sutradharulu," S. P. Balasubrahmanyam,  S.P. Sailaja"
Dum Dum Dum,Dongodu," Vidhya Sagar,  K. S. Chithra,  Valisha Babji"
Hai Rabba,Sri Seetharamula Kalyanam Chothamu Rarandi," M. M. Keeravani,  K. S. Chithra,  Radhika"
Samba Samba,Love Birds," A.R. Rahman,  Aslam Musthafa"
Pileche (Trending Version),Pileche (Trending Version)," Mani Sharma,  Hemachandra,  Shweta Mohan"
Nyaya Devathaku,Korukunna Priyudu," Koti,  S.P. Balasubrahmanyam"
Evaru Choodani,Sri Seetharamula Kalyanam Chothamu Rarandi," M. M. Keeravani,  K. S. Chithra"
Adagalanundi Oka,Little Soldiers," Sri,  Deepika,  Vishnukanth,  Srilekha"
Varevaa,Money," Sri Maruthi,  Ramgopal Varma,  Siri Vennela Seetha Ramasasthry,  Sathyam"
Kamuni Patnam,Nippu Ravva," S.P. Balasubrahmanyam,  Chitra"
Dhirana Thmo Thakita,Navvuthu Bathakalira," Devi Sri Prasad,  S.P. Balasubrahmanyam,  Sumangali"
Vellamma Karthika Jyothi,Suryudu, K. S. Chithra
Chinari Kittaya Putti,Gillikajjalu," S.P. Balasubrahmanyam,  K. S. Chithra"
Muvvala Navakala Lofi Mix,Pournamy," S.P.Balasubrahmanyam,  K. S. Chithra"
Havva Havva,Oh Chinadana," Vidhya Sagar,  Mano,  Swarnalatha"
A Ale Ranattu,Rowdigari Pellam," S.P. Balasubrahmanyam,  Chitra"
Hatteri Chintamani,Gamyam," Deepu,  Gayatri"
Aoura Laila,Veedevadandee Babu," Sirpi,  Manu"
Kurrakaru Poojinche,Oka Chinna Maata," Bharadwaj,  K. S. Chithra,  S.P. Balasubrahmanyam"
Nannu Nammanee,Nawab," A.R. Rahman,  Shakthisree Gopalan,  Lady Kash"
Chitapata Chinukulu,Aithe, M.M. Keeravaani
Eppudu Nee Roopamlo,Mogudu," B. Babushankar,  Karthik"
Siva Siva Moorthyvi,Rukmini," S.P. Balasubrahmanyam,  Mano"
Pellivaramandi .. Mee Intikochinamandi,Pellivaramandi," K. Veeru,  S.P. Balasubrahmanyam,  S.P. Charan,  K. S. Chithra"
Malli Malli,Aalu Magalu, S. P. Balasubrahmanyam
Oye Oye,Pokiri Raja," S.P. Balasubrahmanyam,  Chitra"
Madhuramu Kadha,Oka Chinna Maata," Bharadwaj,  K. S. Chithra"
Chalekki Undanuko,Antham," Chitra,  Jojo"
Hai Re Hai,Sindooram, Srinivasa Chakravarthy
Andam Emitante,W/o V. Vara Prasad," S.P. Balasubrahmanyam,  K. S. Chithra"
Aiswayara Rai O Emo,Ramudochadu," S.P. Balasubrahmanyam,  Suresh Peters"
Eppudainna - BGM,Mahanubhavudu - BGM, Swetha Pandit
Jago Jago Junior,Vechivunta," Akash,  Ravi Varma"
Dhivi Dhari Veedi Ila Jaaripadi,Chaala Bagundhi," Koti,  S.P. Balasubrahmanyam,  Sangeetha"
Thade Paamayye,Suprabhatam, Ashok Khosla
Ekkadundhi Nyayam,Kanyadhanam," Koti,  K.J. Yesudas"
Samayama,Gamyam, Sujatha Mohan
Pallello Kala Undhi,Yatra, S. P. Balasubrahmanyam
Okkokka Vana Chukka,Pokiri Raja," S.P. Balasubrahmanyam,  Chitra"
Devudi Gullo,Maa Nanna Ki Pelli," Koti,  K. S. Chithra"
Saaho Saarvabowma Saaho,Gautamiputra Satakarni," Vijay Prakash,  Keerthi Sagathiya"
Bhalegundi Bhalegundi,Kanyadhanam," Koti,  S.P. Balasubrahmanyam"
Konda Kommuna,Vasantha," Vandemataram Srinivas,  Swarnalatha"
Chaalle Gaani,Gamyam," Chaitanya,  Sunitha"
Enado Jarigina,Gowri," Koti,  Mano"
Varevva Varahala,M. Dharmaraju M.A.," Raj-Koti,  K. S. Chithra,  Mano"
Antha Naa Istam,Kauravudu," Mani Sharma,  Muralidar,  Dharma Teja"
Edi Prema Charithraki,Kanyadhanam," Koti,  K.J. Yesudas"
Pakkumantu,Pelli Sambhandham, S.A. Raj Kumar
Raavayya,Nippu Ravva, S.P. Balasubrahmanyam
Bhantureethi Koluvu,Ntr Biopic," K. S. Chithra,  Sreenidhi Tirumala"
Puvva Puvva Vayasu,Nayudu Gari Kutumbam," S. P. Balasubramaniyam,  K. S. Chitra"
Em Manthram,Gowri," Koti,  Nithya Santhoshini"
Repe Lokam,Love Birds," A.R. Rahman,  Unni Krishnan,  Sujatha Mohan"
Entha Sepaina,Antham, Chitra
Pelli Dochindoi,Navvulaata," M.M. Sreelekha,  K. S. Chithra,  S.P. Balasubrahmanyam"
Kasai Katthi Padhunu,Speedunnodu," Revanth,  DJ Vasanth"
Manditho Paatugaa,Yatra, Sai Charan
Chitapata Chinukula Vana,Priya O Priya," Koti,  K. S. Chithra,  S.P. Balasubrahmanyam"
Bang Bang,Bava Nachadu," M. M. Keeravani,  Shankar Mahadevan,  Sunitha Rao"
Jigi Jigi Jinka,Gowri," Koti,  Smitha (Nivedhitha),  Ravi Varma"
Ayyo Ayyayyo,Asha Asha Asha," Suresh Peters,  Sujatha Mohan,  G.V. Prakash Kumar"
Chamaku Chamaku Manu,Rayalaseema Ramanna Choudary," Mani Sharma,  Sukhwinder Singh,  K. S. Chithra"
Dikkulani Daatindhi,Nenu, Karthik
Oka Cheli,Asha Asha Asha," S.P. Balasubrahmanyam,  Swarnalatha"
Dandalu Pettu,Mamagaru, S. P. Balasubrahmanyam
Kuhu Kuhu Kuyavaa,Adrushtam," S.P. Balasubrahmanyam,  Chitra"
Amma Donga,Rowdi Mogudu," S.P. Balasubrahmanyam,  K. S. Chithra"
Come On Come On,Love Birds," A.R. Rahman,  Mano"
Theme Music,Number One (Original Motion Picture Soundtrack), S.V. Krishna Reddy
Ammammo,Balaram Krishndu," S.P. Balasubrahmanyam,  Chitra"
Asalem Gurthukuradhu - Lofi Mix,"Asalem Gurthukuradhu - Lofi Mix (From ""Antahpuram"")", K. S. Chithra
Eeyalle Achamaina,Mamagaru," S. P. Balasubrahmanyam,  P.B.Swarnalatha"
Kannadu Maa Ayya,Aathma Bandham," S.P. Balasubrahmanyam,  Vani Jairam"
Galli Loni Matti Mattiki,Satya, Rajesh Krishnan
Yepudokapudu Kalanthu,Rangeli, S. Janaki
Amitabh Bachan Haitu,Swapna Lokam," Udit Narayan,  Sharada"
Samara Shankham - Nee Kanulalo Kolimai Ragile Kaledoo,Yatra, Kaala Bhairava
Nee Ohallo,Sri Seetharamula Kalyanam Chothamu Rarandi," M. M. Keeravani,  Sunitha,  Suresh Peters"
Naa Kannulalo,W/o V. Vara Prasad," S.P. Balasubrahmanyam,  K. S. Chithra"
Mummu Mummu Muddistha,Oka Chinna Maata," Bharadwaj,  Mano,  Srilekha"
Aiswarya Rai Neeku,Preminche Manasu Alludugaru Vachcharu Telugu," M. M. Keeravani,  Naveen"
Samajavaragamana DJ A.Sen Lo-Fi Mix,Ala Vaikunthapurramuloo, Sid Sriram
Deelaiko Vango,Rajendrudu Gajendrudu (Original Motion Picture Soundtrack)," Bhuvana Chandra,  S.P.Balasubramanyam"
Lechindi Lediki Parugu,Money," S.P. Balasubrahmanyam,  Chakravarthi,  Chitra"
Rama Hay Rama,Veedevadandee Babu," Sirpi,  Manu,  Geeta"
Norara Navveddam,Navvuthu Bathakalira," Devi Sri Prasad,  S.P. Balasubrahmanyam"
I Love You Love You,Veedevadandee Babu," Sirpi,  Manu"
Kalalenduku,Sutradharulu," S. P. Balasubrahmanyam,  S.P. Sailaja"
Gundelo Sandadi,Preminche Manasu Alludugaru Vachcharu Telugu," M. M. Keeravani,  Sasi Preetham,  K. S. Chithra"
Maa Father O Tiger,Little Soldiers, Mano
Choostha Choostane,Nenu, Karthik
Adhi Bhikshuvu,Sri Vennila, S. P. Balasubrahmanyam
Hai Shabba,Nippu Ravva," S.P. Balasubrahmanyam,  Chitra,  Chorus"
Jam Jam Jam Jam,Maanikyam, S.P. Balasubrahmanyam
Endhaku Endhaku,Nenu, Karthik
Maradhalu Pilla,Nayudu Gari Kutumbam," S. P. Balasubramaniyam,  K. S. Chitra"
Madhuramaina Raagala F,Sneha Sangamam," K. S. Chithra,  Nadeem-Shravan"
Surajya Manaleni,Gayam, S.P. Balasubrahmanyam
Chelimeeda,Gayam," Mano,  Chitra"
Earu Jolapadenayya Sami,Chakravarthy, S.P. Balasubrahmanyam
Puvvai Virise Pranam,Ranga Maarthaanda, Ilaiyaraaja
"Tears, Blood And Breach (Telugu)",Rrr Ost Vol-5, M.M. Keeravaani
Adarahoo Andamaa,Chilakkottudu," S.P. Balasubrahmanyam,  Chitra"
Randi Kadali Randi,Nippu Ravva," S.P. Balasubrahmanyam,  Chorus"
Timentha,Nippu Ravva," S.P. Balasubrahmanyam,  Chorus"
Raara Aatagaada,OK Bangaram," A.R. Rahman,  Aaryan Dinesh Kanagaratnam (ADK),  Darshana KT,  Shashaa Tirupati"
O Priya Swagatham,Shubhalekhalu (Original Motion Picture Soundtrack)," Seetharama Shastry,  S.P.Balasubramanyam,  Chitra"
Matthagajame,Rudhramadevi," S.P. Balasubrahmanyam,  Kailash Kher,  Chitra"
Balegundi Chudu,Chilakkottudu," S.P. Balasubrahmanyam,  Chitra"
Evarivo Nannu,Tharangalu," S.P. Balasubrahmanyam,  Chitra"
Aye Amaayika,OK Bangaram," A.R. Rahman,  Karthik"
Yedho Adaganaa,OK Bangaram," A.R. Rahman,  Shashaa Tirupati,  Sathyaprakash D"
Neetho Alaa,OK Bangaram," A.R. Rahman,  Karthik,  Darshana KT,  Maria Roe Vincent"
Ammai Abba,Bhale Mogadu," S.P. Balasubrahmanyam,  S. Janaki"
Takadhimi,Ami Thumi," Sweekar Agasthi,  Ramya Behara"
Sai Shirdi Sai,99 Songs (Telugu)," A.R. Rahman,  Bela Shende"
Dheemaga,Antariksham 9000 KMPH," Benny Dayal,  Anurag Kulkarni"
Maayedho Cheyyava,OK Bangaram," A.R. Rahman,  Karthik,  Shashaa Tirupati"
Mental Madhilo (Female),OK Bangaram," A.R. Rahman,  Darshana KT"
Nuvvu Leni,Rangula Ratnam, Kala Bhairava
Poddu Vali Poye,Thoorupu Sindhuram," S. P. Balasubrahmanyam,  Ilaiyaraaja"
Paccha Pacchani,Thoorupu Sindhuram," S. P. Balasubrahmanyam,  Ilaiyaraaja"
Okey Oka Asha,Ravanna," S.A. Raj Kumar,  Udit Narayan,  K. S. Chithra"
Thakadheemtha,Maa Uri Maaraju," Koti,  S.P. Balasubrahmanyam"
Cheliya,Om 3D," K. Sai Karthik,  Achu,  Ramya NSK"
Gagana Seemaladire Maa Inta,Swapna Lokam," S. P. Balasubrahmanyam,  Swarnalatha"
Kayyala Ramude,Gandhi," Mani Sharma,  Mano,  Parthasarathi"
Poolakomma,Ravanna," S.A. Raj Kumar,  Udit Narayan,  Sujatha Mohan"
Aa Merupemito,"Aa Merupemito (From ""Aa Ammayi Gurinchi Meeku Cheppali"")"," Vivek Sagar,  Anurag Kulkarni"
Gorrantha Guttundi,Chelikaadu," S.A. Raj Kumar,  K. S. Chithra,  Anuradha Sriram"
Balakumari Syga,Pilla Nachindhi," Koti,  K. S. Chithra,  S.P. Balasubrahmanyam"
Lovvuki Age,Kshemmanga Velli Labamga Randi," Vandemataram Srinivas,  Udit Narayan,  Anuradha Sriram"
Konangi Konangi,Chanti (New)," Sri,  Kalpana"
Ontlo Netturu,Chanti (New)," Sri,  Karthik,  Anuradha Sriram"
Jallu Manada,Modati Cinema," Swaraj,  Sunitha,  S.P. Charan"
Sri Saradamba,Sruthilayalu," K. V. Mahadevan,  S. Janaki"
"Lali Jo Lali Jo (From ""Indhrudu Chandhrudu"")",Priyamaina Nannaku, S.P. Balasubrahmanyam
Takadhimi (Club Version),Ami Thumi," Sweekar Agasthi,  Ramya Behara"
Naapadam,Yuvakudu," Mani Sharma,  Parthasarathy"
Dolu Baja Sannayi,Kalyana Ramudu," Mani Sharma,  Shankar Mahadevan"
Evamma Vainamamamma,Sri Seetharamula Kalyanam Chothamu Rarandi," M. M. Keeravani,  K. S. Chithra,  S.P. Balasubrahmanyam,  Sunitha"
Mattiloni Chettu,Dhoni," Ilaiyaraaja,  S.P. Balasubrahmanyam"
Maikam Kaadidi,Yuvakudu," Mani Sharma,  Charan"
Dimdim Thara Dimdim Thara,Oh Chinadana," Vidhya Sagar,  S.P. Balasubrahmanyam,  Uma Ramanan"
Adavalla Mandi Memu,Kshemmanga Velli Labamga Randi," Vandemataram Srinivas,  K. S. Chithra,  Mano"
Magha Masam,Neeke Manasichanu," Sri,  Rajesh Krishnan,  Gopika Poornima"
Chik Ladki,Navvulaata," M.M. Sreelekha,  Mano"
Kya Scene Hai,Sisindhri," Raj,  Anupama,  Mano"
Mandalin Beat,Sruthilayalu, K. V. Mahadevan
Ammammagarillu,Ammammagarillu, S.P. Balasubrahmanyam
Urikee Chiru Chinuka,Modati Cinema," Swaraj,  Sri Ram Partha Sarthy"
Yemi Cheyyavachu,Rangeli, Mano
Om Ani,Sri Seetharamula Kalyanam Chothamu Rarandi," M. M. Keeravani,  S.P. Balasubrahmanyam,  Sunitha"
Adigava Matyna,Keka," Chakri,  Kousalya,  Hemachandra"
Soniye,Samudram, Sashi Pretham
Chitti Chitti Adugaa,Dhoni," Ilaiyaraaja,  Shreya Ghoshal,  Naresh Iyer"
Muddu Gumma,Thaali," Vidhya Sagar,  Sujatha Mohan,  Gangadhar"
